nama,id_siswa,kelas,Pendidikan Agama,Pendidikan Pancasila,Bahasa Inggris,Bahasa Mandarin,Matematika (Umum),Biologi,Fisika,Kimia,Geografi,Sejarah,Sosiologi,Ekonomi,"Pendidikan Jasmani, Olahraga, dan Kesehatan",Informatika,Seni Musik,Bahasa Indonesia
Rizky Saraswati,12413,10A,86,84,66,82,73,66,87,82,73,84,61,74,78,61,85,92
Eko Paramitha,16034,10A,64,79,60,87,78,95,67,62,89,85,65,84,91,86,72,61
Putra Kusnandar,42433,10A,78,61,83,66,69,64,84,71,89,66,93,62,67,90,81,68
Alya Wijaya,15748,10A,60,66,67,68,71,61,63,85,80,67,92,87,90,86,68,65
Jaya Purwanti,41839,10A,88,61,92,76,94,62,79,85,82,64,66,89,87,87,75,85
Galang Paramita,96837,10A,76,81,91,93,84,68,84,69,93,82,81,76,63,82,70,89
Kiki Putranto,91882,10A,93,77,68,87,60,63,91,79,81,68,62,95,76,69,72,84
Malik Yulianti,54429,10A,95,86,75,95,66,83,73,63,72,86,60,67,81,64,87,86
Taufik Andini,61419,10A,70,70,93,68,71,66,93,72,68,83,61,91,92,75,63,63
Rudi Nugroho,23609,10A,65,67,69,82,71,91,88,73,81,90,82,67,67,71,62,80
Juwita Widiastuti,44167,10A,89,85,94,77,78,66,77,74,92,88,81,83,81,92,71,84
Nanda Wardana,42012,10A,92,64,70,69,92,67,74,68,74,82,62,80,82,61,64,70
Putri Iskandar,67871,10A,88,73,92,68,61,72,87,73,79,78,90,62,73,61,68,66
Zainal Widodo,36019,10A,75,68,93,94,65,73,70,76,78,63,60,85,76,89,60,70
Bayu Hakim,26904,10A,85,91,70,75,63,94,79,72,90,79,61,88,76,91,77,86
Utari Purwanti,50908,10A,79,88,95,93,83,62,95,61,73,91,78,76,75,60,91,72
Bambang Purwanti,89199,10A,75,71,81,70,82,63,77,94,90,87,73,70,74,90,86,65
Rudi Kartini,57031,10A,67,89,68,82,80,60,67,86,72,86,81,60,83,66,74,91
Dewi Prasetyo,94488,10A,89,88,86,64,75,92,67,72,85,82,68,81,86,95,68,67
Naufal Fauzi,15027,10A,93,87,89,84,69,60,74,76,84,79,79,94,60,80,71,68
Ranti Hariyadi,79224,10A,80,86,84,77,64,94,74,94,72,65,73,68,88,75,69,89
Alya Paramita,62420,10A,65,95,75,77,64,73,77,70,81,64,62,65,92,95,90,68
Erlangga Mulyani,25491,10A,79,62,66,88,91,92,72,87,70,93,84,64,75,66,79,88
Maman Paramita,24712,10A,67,93,66,60,71,75,66,68,75,66,65,83,73,82,95,61
Satria Gunardi,97411,10A,81,82,94,74,62,73,92,65,64,86,62,86,86,66,77,79
Fatan Saraswati,95357,10A,84,77,82,60,71,93,66,71,61,68,89,95,77,87,95,85
Oki Prasetyo,97111,10A,65,86,86,67,74,91,70,62,87,62,69,91,75,78,62,70
Adi Mardhiah,70746,10A,88,62,75,90,89,74,84,79,81,68,74,71,61,77,63,88
Sinta Lesmana,92135,10A,80,63,76,75,92,85,63,88,82,91,85,94,89,64,61,80
Qori Saputra,16981,10A,78,80,61,91,60,92,78,64,95,82,79,65,94,77,92,95
Xenia Indrawati,82494,10A,93,83,86,92,84,70,85,77,83,81,67,77,93,62,62,77
Vina Indrawati,56449,10A,67,71,84,66,87,91,89,72,95,71,94,73,94,67,71,70
Eva Handayani,12649,10A,95,77,60,95,66,94,83,79,79,84,80,62,64,79,91,78
Kartika Hariyadi,62762,10A,78,82,83,61,85,66,89,90,81,89,92,63,87,92,79,92
Ihsan Pratiwi,14748,10A,76,66,82,94,79,65,76,89,69,91,65,94,95,81,75,79
Jasmine Hermawan,23892,10A,90,62,82,93,84,87,84,89,93,79,73,60,73,79,95,91
Umi Yudhoyono,36762,10A,88,60,81,91,60,92,83,65,73,65,63,78,69,91,79,65
Wati Mardhiah,78457,10A,68,74,93,65,62,80,73,79,93,72,91,95,69,67,67,89
Tegar Pradana,14037,10A,79,63,65,67,85,60,64,68,94,76,66,93,65,65,79,89
Dodi Sugianto,51681,10A,68,92,70,94,75,76,80,71,80,60,93,82,75,60,87,91
Rudi Sari,10882,10A,80,70,90,89,74,70,84,65,81,94,71,74,60,70,80,76
Taufik Widodo,59870,10A,61,62,89,69,66,80,82,62,66,66,84,79,77,77,73,84
Ulil Permata,16829,10A,87,66,68,66,62,78,60,93,65,73,92,67,90,80,92,81
Naufal Wibowo,71794,10A,68,80,73,80,91,68,79,76,87,60,93,65,75,75,80,90
Taufik Suryani,49298,10A,78,71,73,79,93,62,63,94,76,85,83,61,91,65,68,62
Maman Hapsari,91062,10A,77,68,94,78,65,88,72,63,67,93,60,79,68,86,77,81
Citra Novita,19795,10A,95,94,72,79,71,60,81,86,60,73,73,77,89,72,67,64
Vero Kartini,55675,10A,87,79,94,77,84,78,75,66,85,83,94,86,79,95,95,82
Lukman Anggraini,59503,10A,66,83,95,86,81,74,71,92,95,80,84,86,66,79,87,80
Citra Panjaitan,82556,10A,68,71,86,84,77,63,75,79,79,61,87,93,65,67,69,68
Nanda Setiawan,24071,10A,77,67,91,68,80,72,82,67,73,70,91,94,75,87,92,75
Anisa Sukmana,27377,10A,76,69,64,78,82,85,86,70,61,72,71,70,80,85,65,62
Endang Putranto,67978,10A,90,73,92,75,85,76,64,88,90,73,64,70,77,80,80,83
Miftah Lestari,40353,10A,70,84,75,87,94,65,64,89,73,90,67,78,71,69,62,85
Hana Susilo,85316,10A,75,93,86,82,75,95,69,70,86,78,69,66,91,71,86,94
Lina Anggraini,28137,10A,62,87,80,65,91,89,63,90,92,76,66,66,95,63,63,63
Pandu Handayani,99496,10A,61,63,94,61,71,65,72,80,80,75,79,90,74,72,85,89
Agus Iskandar,97339,10A,90,69,61,64,65,79,93,62,77,67,85,62,81,79,94,67
Tyo Yudhoyono,82812,10A,69,69,83,74,70,72,82,68,74,91,82,71,61,70,87,95
Naila Handayani,91122,10A,62,83,70,60,69,86,75,83,73,84,71,66,63,95,86,69
Juwita Prasetya,41039,10A,91,94,72,90,79,82,95,84,73,71,89,78,66,69,82,72
Hendra Wijaya,31562,10A,81,61,64,66,88,77,65,77,70,85,72,70,77,90,71,78
Zainal Nugroho,62278,10A,67,72,83,78,88,74,61,71,90,93,68,74,86,69,73,61
Hendra Putra,11597,10A,80,63,71,91,61,62,91,73,76,68,64,72,62,67,90,73
Umi Permata,29126,10A,70,94,78,88,85,94,60,62,76,62,79,90,75,95,91,93
Vito Widodo,82796,10A,73,71,61,84,73,64,63,66,75,95,81,82,69,64,64,87
Ranti Puspitasari,91237,10A,61,72,77,72,79,64,61,94,75,76,83,77,82,90,68,89
Qomariyah Maulana,74560,10A,94,84,92,72,67,90,72,63,67,67,79,70,81,61,92,83
Dina Fitriani,82452,10A,95,78,60,69,91,73,91,63,77,79,63,61,62,95,62,94
Dina Rachman,89457,10A,90,95,71,92,88,95,66,95,74,79,66,64,63,95,68,72
Dina Andini,28853,10A,68,84,67,88,64,83,65,76,88,73,75,88,69,93,80,91
Indah Rahmawati,75303,10A,68,68,63,94,73,72,78,66,77,78,77,73,71,65,95,69
Eko Anggraini,33799,10A,83,77,85,87,91,77,61,69,62,69,69,61,82,86,95,66
Hendra Indahsari,17353,10A,74,89,67,87,78,92,84,68,89,79,68,95,77,79,92,77
Olivia Santoso,98151,10A,93,66,60,87,84,88,65,87,80,95,67,92,95,86,71,69
Faisal Pradipta,66869,10A,90,94,90,92,66,92,85,84,76,77,62,86,68,85,91,72
Nanda Santoso,68009,10A,65,87,95,85,71,77,87,76,90,94,74,87,61,87,63,80
Qisya Purwanti,99527,10A,89,72,61,80,69,69,77,73,74,65,86,83,75,95,75,92
Kresna Indrawati,95375,10A,72,93,72,77,70,89,76,90,81,90,77,91,60,76,92,76
Nadia Hakim,34421,10A,61,61,82,60,93,70,83,72,79,94,76,69,79,93,73,74
Naufal Santosa,88664,10A,86,86,71,73,94,64,78,90,73,63,88,90,61,74,85,86
Fatan Gunawan,49312,10A,69,63,86,60,94,91,85,79,94,85,90,80,74,85,74,80
Putri Susilo,14125,10A,89,70,66,89,60,90,76,60,95,89,83,67,90,83,77,72
Qomariyah Handayani,14388,10A,81,86,77,78,91,69,86,83,69,91,77,78,86,86,87,95
Galang Hakim,57108,10A,82,95,72,66,64,72,74,75,63,65,76,68,69,86,93,90
Eva Winata,80049,10A,61,78,72,86,74,85,89,74,82,75,76,76,89,88,86,93
Salma Wibowo,88933,10A,61,93,61,79,82,82,80,81,73,62,90,65,65,94,73,88
Ihsan Budiman,75216,10A,74,82,80,75,89,75,79,73,70,86,63,92,86,66,80,66
Zainal Fitriani,45949,10A,77,76,71,83,85,84,70,94,84,83,86,67,81,68,67,91
Umi Widiastuti,32987,10A,91,85,68,86,86,94,69,61,79,71,89,61,87,91,63,64
Putra Setiawan,53987,10A,80,84,61,89,77,69,91,67,86,81,79,78,60,84,71,90
Prasasti Fauzi,58676,10A,86,76,95,88,86,87,91,75,79,63,85,69,66,82,83,82
Utari Nainggolan,74628,10A,77,75,71,65,72,78,93,68,88,66,71,75,67,69,68,91
Cinta Fitriani,28727,10A,85,63,69,67,86,61,82,66,62,90,87,83,95,69,72,83
Yogi Budiman,23281,10A,70,90,79,91,77,70,77,85,70,85,70,74,89,83,95,84
Eva Mulyani,15007,10A,76,66,90,82,85,71,80,62,84,67,90,72,92,88,73,84
Mega Pradana,23553,10A,64,75,93,92,92,86,62,76,66,61,69,72,74,61,81,75
Hesti Nugroho,56903,10A,64,83,81,66,77,85,73,76,63,93,88,72,60,81,89,69
Firman Kartini,85929,10A,66,78,82,67,90,86,86,69,85,81,87,60,78,85,61,70
Zulfa Indahsari,59485,10A,67,85,86,70,86,89,77,72,63,73,74,65,90,63,69,83
Koko Handayani,63507,10A,69,73,71,72,80,91,94,75,86,69,62,64,80,93,85,61
Prasasti Megawati,92032,10A,74,77,88,94,61,91,85,78,63,61,60,78,94,69,70,83
Hadi Santoso,70906,10A,79,69,61,68,93,60,60,65,69,65,81,91,65,94,79,95
Eva Suryani,26936,10A,81,70,90,70,72,94,89,94,86,87,81,92,84,75,81,85
Sari Panjaitan,43019,10A,92,71,75,82,93,60,94,63,91,88,60,88,95,63,63,88
Ira Prasetya,41025,10A,74,89,77,90,60,95,91,80,92,65,94,62,78,77,68,93
Zainal Hapsari,84361,10A,64,83,80,76,89,85,72,64,72,71,92,67,78,79,79,74
Cinta Santosa,89085,10A,80,64,84,77,62,78,68,90,67,68,75,79,94,92,84,82
Danang Saputra,73069,10A,60,79,68,94,63,94,93,91,81,63,64,79,88,71,82,90
Eko Surya,76993,10A,63,93,64,80,82,67,64,83,89,81,60,95,94,92,94,65
Citra Winata,48446,10A,71,87,67,65,87,86,89,86,75,84,92,78,81,68,95,78
Kiki Lesmana,85742,10A,72,93,94,93,82,76,94,94,65,65,78,83,90,86,75,82
Ulil Prasetya,73694,10A,63,71,93,88,86,93,64,73,78,88,70,64,79,93,77,60
Miftah Priambodo,89869,10A,82,82,87,76,76,68,91,91,67,81,80,73,63,93,93,86
Vina Handayani,49992,10A,85,90,85,82,76,61,95,63,78,83,63,71,73,71,87,61
Bella Sugianto,75544,10A,78,76,76,94,75,74,71,82,76,61,68,61,94,83,62,93
Umi Wibowo,71319,10A,85,95,93,95,92,91,87,79,75,74,60,84,67,88,72,69
Yogi Wibisono,62072,10A,88,78,62,81,87,92,80,94,92,79,66,68,76,89,67,85
Agus Fauzi,76257,10A,90,77,93,75,62,95,63,92,87,93,63,67,77,89,69,86
Taufik Gunawan,50921,10A,71,68,83,65,85,71,85,77,64,62,74,77,80,65,79,74
Gina Iskandar,29069,10A,75,83,79,81,93,64,79,64,61,79,82,61,72,64,85,84
Endang Putra,81984,10A,75,67,94,75,62,78,83,84,70,75,78,87,94,82,60,93
Indah Sari,15542,10A,78,95,67,93,73,66,78,73,64,91,73,94,91,77,84,87
Naufal Pradipta,22980,10A,73,72,70,84,66,81,75,61,88,62,81,71,83,65,78,73
Vina Hartanto,45893,10A,91,67,82,90,65,84,70,84,86,63,94,72,85,68,92,65
Naila Lesmana,31917,10A,66,80,87,62,65,84,68,83,90,87,84,62,60,91,78,71
Irsyad Yudhoyono,15573,10A,66,86,88,68,62,77,64,68,93,91,92,84,95,76,83,85
Yanti Pangestu,63349,10A,78,85,88,63,93,69,60,64,93,86,81,65,60,92,63,67
Hadi Saputra,49427,10A,66,61,92,83,88,82,88,92,89,71,67,85,88,90,95,79
Yuni Hartanto,64430,10A,70,60,85,77,71,76,84,77,92,69,84,60,79,85,65,84
Rudi Pradipta,82389,10A,89,82,86,62,63,91,79,75,61,83,79,94,71,62,68,86
Qisya Wijaya,38417,10A,70,95,85,72,64,78,64,88,69,63,71,62,60,91,69,60
Gita Pangestu,62757,10A,75,94,69,81,77,67,60,64,72,81,78,82,87,88,83,90
Satria Irawan,53884,10A,93,60,68,75,86,76,73,75,78,87,94,87,62,62,83,62
Ulfa Anggraini,87058,10A,70,81,68,95,66,66,69,65,83,88,60,95,63,60,65,77
Kresna Yuliana,51991,10A,90,62,64,94,64,69,81,70,84,76,92,71,67,65,63,88
Dewi Maulana,47680,10A,78,68,81,60,81,79,94,60,88,81,62,74,61,61,90,82
Eva Wijaya,51748,10A,91,60,61,80,83,67,84,61,68,75,81,64,64,60,71,76
Xenia Prasetya,17732,10A,90,88,72,75,65,60,65,87,63,89,94,70,68,71,72,91
Hana Sari,40927,10A,75,80,81,76,91,64,79,65,86,86,90,74,77,62,87,94
Xandra Setyawan,81632,10A,60,84,83,74,85,94,67,92,85,71,63,75,72,61,83,72
Adi Novita,54964,10A,79,82,94,68,90,66,67,79,71,81,63,85,92,61,85,62
Salma Nainggolan,47740,10A,86,73,90,72,85,60,64,89,66,88,85,69,92,87,91,60
Fanny Anggraini,48728,10A,74,95,82,78,87,86,85,90,66,79,92,62,70,77,64,77
Endang Kusumawardani,69055,10A,64,84,87,84,77,63,62,65,85,64,77,65,76,90,81,84
Jasmine Hadiwijaya,99523,10A,94,73,76,62,95,72,94,81,87,79,62,72,84,91,69,62
Nadia Surya,66798,10A,62,67,78,89,65,60,80,87,60,71,90,65,82,64,70,77
Gina Sari,15191,10A,73,92,88,78,71,68,88,85,92,86,79,61,68,84,82,67
Vero Fitriani,27343,10A,85,72,65,71,69,64,62,79,94,74,73,79,67,64,62,65
Vero Wardana,87358,10A,76,64,81,76,83,78,78,85,65,87,76,63,61,86,62,75
Hana Susanto,66678,10A,75,74,76,73,80,82,70,81,82,91,91,79,94,74,94,79
Qori Santoso,86512,10A,67,73,85,82,61,76,83,80,95,86,79,91,78,92,87,87
Tyo Permata,90115,10A,86,77,68,94,66,81,79,61,75,78,90,77,87,63,60,87
Oki Lesmana,34811,10A,93,90,94,80,70,93,94,82,89,82,68,77,77,87,88,73
Raka Kusumawardani,18050,10A,60,80,66,60,64,83,88,88,82,80,81,74,70,67,73,64
Lukman Novita,47765,10A,93,95,64,68,77,67,70,65,70,80,62,83,89,75,92,79
Putra Rachman,41773,10A,85,80,93,84,94,81,76,74,67,84,75,77,69,80,88,94
Alya Kurniawan,27494,10A,88,72,65,95,70,77,65,83,73,86,70,88,66,60,87,70
Qomariyah Hardianto,18516,10A,91,69,77,81,71,75,88,73,75,88,63,69,73,69,95,81
Bambang Yuliana,33690,10A,92,77,75,79,91,85,76,95,61,65,72,62,79,81,81,93
Xaverius Mulyani,49950,10A,65,61,87,85,72,74,90,89,95,93,79,62,64,92,61,60
Dina Prasetyo,33723,10A,87,69,60,67,88,77,94,67,87,68,85,72,68,94,95,74
Hana Rahayu,18570,10A,80,87,81,91,64,88,86,87,85,92,80,71,87,72,67,77
Putra Hermawan,51420,10A,83,76,66,85,83,84,62,93,66,86,81,71,92,86,76,62
Eva Sari,15688,10A,65,78,67,77,77,65,76,75,91,84,94,61,73,82,92,91
Qori Fauzi,69342,10A,93,83,87,76,84,82,70,89,91,82,74,91,80,94,60,90
Qomariyah Rahayu,99498,10A,84,86,61,83,78,63,61,76,94,78,92,71,63,74,65,79
Firman Paramitha,68149,10B,68,86,85,71,95,64,60,88,80,91,90,87,70,63,90,66
Cinta Kusumawardani,54763,10B,87,78,94,69,67,76,77,62,63,66,93,88,92,93,80,78
Hadi Puspitasari,30201,10B,60,73,92,87,73,88,77,88,72,69,93,60,65,64,71,85
Vanya Prasetyo,42374,10B,68,95,90,77,73,69,79,84,77,94,66,95,70,78,66,66
Alya Yulianti,62772,10B,61,80,88,62,81,94,91,72,92,72,64,66,94,89,65,95
Taufik Andini,28768,10B,94,92,93,77,63,89,60,69,94,60,60,77,85,78,66,70
Tegar Rahmawati,93220,10B,94,79,90,63,89,67,83,87,81,86,67,75,67,94,69,90
Ulil Mulyani,55629,10B,89,83,65,66,79,72,78,60,66,67,82,85,86,72,86,93
Rizky Pradipta,24185,10B,70,88,61,61,81,60,79,67,87,82,74,81,84,63,68,76
Firman Anwar,67430,10B,82,60,60,66,95,84,78,81,73,77,67,62,69,75,76,95
Juwita Putra,22022,10B,65,88,66,80,69,65,68,80,67,69,91,88,95,69,71,65
Sari Widiastuti,42038,10B,79,78,65,81,65,89,63,71,77,76,62,78,88,65,78,71
Putra Kurniawan,71957,10B,92,84,81,69,91,66,67,79,73,66,71,90,75,62,67,82
Wawan Widodo,94121,10B,95,74,89,93,95,61,84,86,64,66,74,77,87,77,93,92
Nanda Hariyadi,36484,10B,77,64,61,72,83,63,80,78,76,87,62,76,89,68,73,78
Oki Saraswati,69370,10B,84,89,90,82,94,92,65,77,75,84,64,80,64,90,63,68
Jaya Mardhiah,19005,10B,95,83,90,64,91,90,85,74,60,68,73,72,87,91,92,86
Lina Pradipta,29592,10B,69,80,81,85,74,86,91,88,61,72,67,89,77,71,91,61
Kiki Nugroho,60723,10B,65,60,73,79,71,88,62,66,64,72,81,79,82,93,61,76
Firman Paramitha,87530,10B,82,79,71,94,83,88,63,65,67,74,69,85,85,76,90,88
Firman Hidayat,87612,10B,70,94,74,63,89,93,91,73,76,72,61,92,79,65,93,77
Cakra Sukmana,61850,10B,86,63,91,81,88,90,66,68,64,92,83,71,65,94,77,68
Galang Hakim,29654,10B,90,84,79,89,94,72,88,62,82,84,69,64,72,67,95,62
Rudi Andini,27411,10B,94,77,61,93,61,94,64,66,66,95,82,71,64,69,70,64
Rudi Hardianto,33930,10B,61,76,92,70,64,66,74,83,63,79,68,72,74,76,60,69
Miftah Yulianti,87018,10B,91,70,83,88,81,89,83,85,66,67,70,92,89,75,92,86
Vina Santoso,77529,10B,94,62,66,80,70,81,91,84,86,86,63,87,66,90,80,69
Indah Prayogo,70326,10B,82,73,72,88,94,64,62,76,62,61,74,63,69,86,79,80
Tegar Prasetyo,29025,10B,67,63,73,67,75,75,90,83,67,91,89,79,94,83,60,85
Satria Sugiarto,98666,10B,85,60,86,70,94,84,85,68,94,92,70,74,82,92,67,77
Ranti Pangestu,61907,10B,78,86,61,95,61,67,65,95,86,92,88,87,80,82,76,61
Joko Paramitha,49708,10B,76,81,62,70,68,78,68,74,86,76,61,95,65,71,82,79
Nanda Utami,42791,10B,64,75,81,70,71,92,80,86,60,93,85,70,73,93,73,74
Kartika Setyawan,44149,10B,90,92,90,88,79,83,73,85,94,94,90,68,76,80,95,89
Eko Nugroho,98175,10B,95,69,89,94,95,81,83,94,63,92,91,80,88,82,74,87
Gita Firdaus,14210,10B,68,61,60,91,64,69,76,84,83,73,88,74,65,74,79,85
Luna Nurhadi,94430,10B,88,90,85,89,69,74,87,94,61,87,73,68,73,93,77,82
Eva Santosa,61967,10B,68,89,94,67,94,75,83,95,85,70,80,81,60,79,67,90
Qudus Hardianto,31243,10B,83,73,93,61,63,63,93,78,75,83,61,77,64,64,76,87
Kresna Indrawati,29777,10B,72,73,63,92,60,91,87,74,74,86,84,82,63,84,90,79
Qori Handayani,22417,10B,69,76,68,84,88,81,95,61,62,74,69,79,65,87,92,85
Juwita Wardana,90401,10B,70,86,91,95,60,74,81,95,74,72,81,60,76,71,79,63
Xandra Andini,20114,10B,73,63,74,91,93,86,73,69,85,89,92,86,73,73,95,60
Vero Yuliana,57152,10B,76,70,86,69,65,91,69,60,65,60,65,78,93,82,71,72
Luna Sari,50896,10B,91,61,66,60,88,64,77,85,68,70,74,92,71,62,64,66
Bambang Abidin,75415,10B,68,66,95,93,94,75,89,89,73,84,60,93,78,62,70,91
Joko Prasetya,97377,10B,66,61,76,67,71,64,67,60,60,91,64,90,60,71,78,92
Raka Mulyani,84118,10B,87,61,72,87,79,89,62,61,87,93,68,68,60,66,95,82
Olivia Wibisono,58569,10B,89,69,67,73,69,74,92,72,69,85,74,70,93,94,75,94
Juwita Purwanti,31358,10B,76,78,91,93,63,64,72,90,74,61,94,95,79,68,61,90
Citra Fauzi,52251,10B,76,95,92,81,93,73,61,68,91,64,74,91,69,66,74,88
Qisya Indrawati,17764,10B,66,89,62,85,72,65,75,69,67,77,86,88,91,76,68,88
Nanda Calvin,35447,10B,70,64,93,90,85,92,79,67,66,88,80,64,82,91,87,65
Raka Kusnandar,71515,10B,61,80,81,77,82,78,94,64,91,72,82,60,95,80,74,84
Ira Anggraini,44072,10B,62,65,93,60,79,71,84,63,89,73,66,85,60,62,79,93
Raka Hakim,89079,10B,93,79,66,70,66,90,91,88,89,89,79,90,72,80,65,87
Qudus Pratiwi,60742,10B,86,67,87,84,76,89,69,68,71,80,71,80,75,78,61,84
Vero Prasetyo,69452,10B,93,70,63,85,66,90,62,87,73,92,77,73,66,61,65,64
Erlangga Susilo,43740,10B,81,89,86,65,95,90,74,64,60,75,82,90,83,76,82,93
Salma Sukmana,16200,10B,66,81,77,81,94,71,62,76,77,83,86,84,84,78,92,61
Kiki Hakim,78167,10B,89,65,91,85,94,70,81,77,76,79,61,94,73,62,75,62
Alya Pradipta,98976,10B,78,76,64,85,88,89,84,67,65,63,91,94,73,75,88,78
Dodi Firdaus,91984,10B,84,84,69,60,92,64,74,83,69,81,92,65,71,61,61,82
Kiki Megawati,83160,10B,82,78,62,76,78,77,84,74,94,60,82,82,89,61,79,82
Dina Hadiwijaya,67503,10B,74,63,86,87,74,73,92,84,81,66,62,83,70,64,69,61
Raka Sari,89230,10B,86,79,85,77,95,83,92,67,74,75,69,90,86,92,63,79
Alya Fitriani,71803,10B,73,91,83,64,80,91,88,63,60,77,84,67,60,77,74,85
Kartika Handayani,80225,10B,74,63,94,95,90,64,79,87,68,71,88,74,67,89,65,76
Joko Maulana,74828,10B,74,75,84,83,74,75,88,82,60,86,95,76,93,77,73,79
Zaenal Setyawan,24272,10B,67,94,61,78,91,81,80,90,88,70,67,76,82,94,71,66
Cahya Yuliana,47878,10B,68,82,80,74,88,60,95,72,70,68,85,75,69,68,88,68
Cahya Wibisono,40774,10B,66,72,60,80,89,79,66,64,92,84,81,95,60,94,84,85
Dodi Anindita,24176,10B,72,82,76,87,94,90,78,64,76,72,62,66,91,72,84,91
Xenia Permata,76027,10B,91,79,67,80,72,82,60,86,75,82,64,67,87,60,67,64
Vero Hapsari,73627,10B,80,81,67,85,87,75,69,69,74,83,81,73,63,76,76,72
Xenia Iskandar,34572,10B,68,84,81,87,81,91,61,82,84,64,79,75,87,65,83,60
Kartika Kartini,58010,10B,84,80,95,73,89,65,75,75,70,88,88,83,82,69,62,82
Gita Prasetyo,54375,10B,71,83,82,94,67,74,64,89,80,75,94,92,66,67,74,78
Koko Kusumawardani,12379,10B,75,73,69,91,64,92,69,61,62,61,73,89,88,80,84,68
Cahya Susilo,91149,10B,70,70,83,85,80,79,94,70,78,93,85,63,64,82,87,81
Joko Permata,51924,10B,77,62,76,93,62,88,70,64,76,95,94,94,73,66,76,63
Cahya Budiman,15062,10B,77,60,77,77,60,79,64,74,70,63,82,77,88,70,74,72
Eko Ramadhan,23077,10B,68,91,89,67,87,89,86,94,77,91,61,69,91,81,64,67
Irsyad Anwar,73424,10B,89,73,92,75,66,83,80,92,73,77,68,89,85,66,74,71
Rizky Widodo,28886,10B,73,68,78,75,81,74,72,64,86,66,93,94,67,73,90,92
Pandu Putranto,81181,10B,68,71,77,95,74,85,66,94,63,66,60,65,92,82,72,70
Kartika Setyawan,39954,10B,92,81,87,76,86,71,68,67,89,95,79,92,94,82,86,68
Vero Sukmana,18388,10B,94,88,81,77,64,67,76,73,89,80,81,95,94,71,88,82
Cinta Santosa,71511,10B,77,61,89,66,63,93,89,64,88,82,79,60,67,69,79,77
Zulfa Fitriani,48383,10B,87,64,68,72,65,91,78,86,82,66,68,68,75,71,88,65
Jaya Calvin,77861,10B,66,79,82,78,65,81,79,70,90,78,86,75,68,64,84,85
Cinta Megawati,99012,10B,76,75,94,77,91,89,74,85,87,86,79,78,89,93,64,93
Tyo Mardhiah,20897,10B,71,90,69,67,84,67,65,95,74,93,67,63,66,85,90,61
Endang Pangestu,40061,10B,66,85,85,87,63,70,70,89,64,94,94,67,64,92,60,82
Qomariyah Mardhiah,97612,10B,62,75,86,82,77,78,94,63,88,93,83,88,66,78,87,89
Firman Nainggolan,89136,10B,92,81,85,95,85,86,73,74,93,69,84,65,76,95,65,84
Hesti Utami,20892,10B,80,64,81,95,89,85,63,85,60,71,91,74,91,72,64,83
Malik Agustina,65335,10B,63,88,66,94,95,76,63,79,75,63,82,81,60,78,61,82
Ranti Hakim,81408,10B,84,75,82,92,65,66,85,71,67,88,70,74,64,77,87,78
Citra Kurniawan,23923,10B,66,86,88,65,73,66,63,72,85,95,89,80,85,69,65,79
Gina Abidin,88921,10B,79,73,94,61,93,64,83,71,71,79,60,85,79,74,92,72
Endang Mulyani,78995,10B,93,62,92,65,76,66,73,89,66,76,70,77,93,65,92,71
Rizky Mardhiah,61185,10B,69,72,65,76,68,92,73,74,88,95,82,86,83,85,70,60
Malik Iskandar,73399,10B,65,92,89,90,92,75,81,84,92,75,94,65,82,88,67,88
Rudi Pradipta,36493,10B,92,84,83,77,70,71,95,78,92,76,72,85,77,72,95,61
Anisa Handayani,65292,10B,84,70,81,70,86,92,87,84,62,90,90,78,92,88,75,93
Vina Widodo,64552,10B,74,87,88,90,68,70,81,93,67,73,85,71,68,83,67,73
Fanny Widiastuti,81254,10B,67,66,79,67,79,66,62,78,63,85,71,85,93,62,79,62
Budi Hardianto,98229,10B,90,93,60,63,92,83,86,89,86,89,94,72,89,77,89,60
Hendra Handayani,57032,10B,91,89,60,68,95,78,93,84,92,73,83,85,70,69,91,85
Nadia Lestari,91958,10B,68,88,90,67,67,82,86,71,62,64,90,78,76,84,65,87
Cakra Putri,71688,10B,73,94,67,91,73,82,75,73,73,61,78,87,76,77,83,64
Nanda Nurhadi,71655,10B,65,95,73,63,77,84,84,81,68,63,65,87,60,66,94,87
Vina Lestari,96322,10B,77,93,60,88,61,85,81,78,77,81,84,81,75,80,75,62
Naila Indahsari,36083,10B,86,63,63,76,62,64,80,84,65,81,78,95,88,70,69,83
Eva Sugianto,84439,10B,65,67,60,93,70,65,64,70,89,66,91,80,94,65,82,79
Kiki Hariyadi,87445,10B,71,65,82,85,74,65,92,69,75,83,66,88,68,84,81,83
Endang Anindita,72924,10B,91,78,77,89,86,72,84,61,94,72,80,88,79,73,75,87
Dewi Prasetya,20112,10B,92,62,65,62,93,87,72,61,70,95,72,64,76,65,84,69
Irsyad Firdaus,19215,10B,74,93,89,65,63,68,70,77,82,62,79,89,71,67,76,70
Miftah Utami,56254,10B,82,65,63,76,79,60,91,82,61,88,91,70,75,85,67,73
Utari Mulyani,98291,10B,70,81,67,71,84,66,71,85,60,64,92,88,84,68,73,79
Tini Irawan,11606,10B,93,89,90,87,74,84,76,93,93,80,74,74,64,83,93,63
Mega Agustina,17900,10B,66,62,66,63,79,63,82,63,81,76,89,92,89,77,67,77
Gina Putra,29384,10B,67,69,71,78,63,85,70,67,94,90,62,88,76,83,72,86
Citra Prasetyo,25235,10B,92,60,78,61,87,63,74,62,78,91,78,65,89,72,88,62
Xandra Santosa,99388,10B,89,72,67,66,75,71,85,89,74,66,84,81,73,65,93,73
Sinta Hadiwijaya,40624,10B,65,61,62,63,91,71,61,89,80,78,86,84,72,94,89,82
Vanya Puspitasari,46034,10B,67,69,69,92,89,76,72,66,86,80,64,92,90,78,85,69
Cakra Pradipta,76040,10B,89,88,81,74,90,75,61,94,65,76,87,72,82,66,85,87
Irsyad Darmawan,58869,10B,81,66,86,69,87,86,72,89,87,68,84,88,67,80,65,86
Malik Gunardi,54244,10B,64,90,79,77,69,64,91,93,91,89,78,86,75,82,92,87
Nadia Kartini,18639,10B,86,60,79,71,66,92,85,69,77,85,72,90,64,93,84,91
Joko Hartono,31798,10B,66,72,78,67,61,80,66,81,65,79,66,82,91,73,83,60
Bella Hapsari,12781,10B,78,66,75,71,68,74,71,94,72,92,69,85,92,60,61,90
Vito Saraswati,28845,10B,65,63,65,87,91,83,95,70,82,92,77,70,72,69,74,70
Galang Widiastuti,52446,10B,87,90,94,89,92,62,95,91,76,89,69,75,73,62,91,66
Budi Hartono,20606,10B,88,89,80,71,85,63,69,86,69,70,84,70,66,79,86,79
Yogi Budiman,40562,10B,70,83,87,82,70,88,94,93,77,70,89,77,85,94,85,68
Lina Hariyadi,89388,10B,94,74,88,95,95,70,92,63,82,85,67,85,83,73,62,91
Olivia Indahsari,69270,10B,78,69,92,61,82,82,68,74,88,84,85,87,82,63,76,83
Qori Kurniawan,27782,10B,61,95,92,67,65,66,68,94,94,76,72,61,78,73,69,65
Gita Yuliana,68039,10B,60,82,75,61,91,65,63,67,65,91,92,65,93,80,60,80
Naufal Sugiarto,26680,10B,72,76,87,88,90,75,81,83,83,66,66,60,60,94,71,61
Danang Ramadhan,45109,10B,69,84,77,81,72,84,84,85,76,89,65,84,90,84,73,89
Zaenal Susanto,35466,10B,93,76,69,94,66,73,89,94,71,92,70,95,88,75,74,77
Lukman Susilo,92355,10B,63,67,78,77,68,66,92,93,64,78,65,81,80,70,95,72
Naufal Santosa,91445,10B,79,77,86,71,84,62,61,86,68,83,60,63,81,61,72,89
Lina Nugroho,62939,10B,80,63,65,68,88,83,91,78,74,87,64,63,82,83,63,85
Zaenal Yulianti,94344,10B,89,74,90,69,76,62,64,84,85,69,86,65,86,89,66,79
Endang Irawan,37907,10B,95,60,85,62,95,62,77,76,78,62,69,60,77,83,67,90
Gina Sugiarto,48955,10B,61,72,64,90,80,65,85,68,74,70,93,85,80,85,67,68
Ulfa Puspitasari,61522,10B,66,62,87,73,62,64,79,60,70,86,89,93,73,90,60,76
Ranti Hardianto,49652,10B,92,66,80,79,63,86,70,79,94,75,61,64,93,89,69,67
Cakra Lesmana,78254,10B,70,66,63,61,64,86,93,78,66,89,87,79,69,73,80,62
Satria Hakim,95354,10B,64,85,77,62,73,67,89,77,81,63,79,73,78,65,78,71
Hana Permata,54990,10B,66,81,61,86,87,93,67,78,89,89,64,83,62,75,88,74
Eko Hartono,97056,10B,90,93,78,90,88,76,76,78,73,70,75,62,85,70,66,64
Hana Fauzi,76836,10B,74,83,85,72,70,64,73,64,93,62,63,61,80,94,74,92
Adi Yuliana,17317,10B,72,77,68,75,81,76,85,79,82,76,64,71,88,69,87,74
Kiki Wibisono,91156,10B,94,77,81,80,61,64,77,74,69,88,79,72,85,92,64,95
Vito Wibisono,23238,10B,71,92,89,86,86,68,88,94,80,81,94,67,92,95,62,94
Zulfa Kusnandar,29702,10B,95,86,92,65,76,93,79,61,72,88,69,60,95,93,85,89
Ulil Indahsari,81609,10B,73,61,76,95,83,75,94,67,89,64,61,79,69,64,81,62
Danang Sugiarto,33507,10B,77,68,95,81,72,88,63,94,71,78,80,83,66,94,81,79
Danang Nurhadi,60052,10B,65,69,85,90,60,74,89,84,72,84,62,72,71,74,66,72
Hesti Prasetyo,69094,10B,73,62,64,92,79,93,91,87,78,83,74,95,71,67,94,94
Oky Wibowo,68160,11A,88,67,88,62,68,78,92,62,93,89,88,80,74,90,72,66
Eko Pratama,17451,11A,82,85,66,70,73,69,82,66,70,81,92,87,84,76,80,71
Yanti Yudhoyono,91786,11A,94,80,61,82,64,80,86,72,75,65,95,62,67,60,92,62
Danang Fauzi,89125,11A,74,82,71,77,84,67,71,73,80,68,83,78,91,87,61,91
Prasasti Suryani,25803,11A,87,93,90,62,91,89,93,88,88,64,79,86,93,86,60,86
Cakra Putranto,46441,11A,61,63,68,89,84,90,60,93,67,61,83,72,74,77,75,78
Yogi Paramita,67763,11A,92,93,87,73,89,65,89,63,94,95,74,77,92,87,63,79
Luna Budiman,71514,11A,64,66,87,95,88,87,83,72,68,82,64,84,89,69,66,74
Yanti Putra,41103,11A,83,89,68,82,88,60,69,72,72,84,66,80,84,87,84,88
Zulfa Setiawan,88896,11A,62,88,76,91,77,75,80,68,94,66,90,75,60,89,62,93
Eko Gunawan,93852,11A,73,88,72,85,61,89,70,70,92,65,88,65,91,86,70,74
Dewi Priambodo,73107,11A,94,81,76,84,82,94,82,81,81,83,65,94,81,60,90,69
Cinta Haryanto,84991,11A,80,74,80,82,65,73,94,94,73,62,82,84,61,81,63,79
Mega Surya,70408,11A,80,93,95,80,77,70,87,91,75,60,78,75,93,80,87,75
Vanya Hermawan,58559,11A,91,60,93,78,66,86,69,77,63,81,84,61,64,87,79,88
Tegar Irawan,41772,11A,86,81,69,72,94,73,80,72,88,64,93,80,95,79,69,91
Vero Novita,30971,11A,76,95,79,92,90,66,63,66,71,77,86,86,73,92,94,90
Dodi Budiman,71656,11A,90,73,70,93,90,77,90,90,95,73,75,94,91,82,73,88
Xandra Firdaus,53511,11A,73,79,63,70,91,66,94,85,93,87,67,95,91,78,77,79
Lela Wulandari,94795,11A,77,88,82,69,87,94,69,87,67,77,75,92,83,94,88,60
Naufal Indrawati,27029,11A,94,80,86,61,65,67,86,74,81,84,94,72,82,79,81,67
Endang Rachman,68148,11A,74,78,66,76,77,73,91,65,74,72,71,84,67,90,90,92
Dewi Pradana,75227,11A,84,67,71,66,75,91,71,89,77,69,87,82,88,65,63,81
Prasasti Paramita,84693,11A,82,78,78,83,65,86,88,62,68,89,60,86,82,85,84,85
Putra Handayani,88149,11A,83,91,87,65,65,77,90,86,73,67,93,92,65,66,74,92
Jaya Gunardi,55791,11A,69,85,81,68,95,62,71,88,68,72,61,92,85,73,65,66
Hesti Pradana,11853,11A,78,84,77,65,90,91,67,90,73,92,75,94,78,78,92,88
Malik Anggraini,31082,11A,88,78,82,73,77,70,79,84,63,64,68,84,69,92,86,60
Xandra Sukmana,68948,11A,91,82,94,72,75,72,64,65,61,94,89,91,87,79,61,79
Adi Haryanto,84982,11A,84,60,76,63,84,78,89,72,93,86,70,76,90,79,79,72
Olivia Setyawan,92425,11A,78,71,90,84,85,87,93,72,91,95,73,69,88,61,95,64
Juwita Lestari,13012,11A,62,79,67,95,62,86,66,86,80,63,78,95,87,69,63,85
Dina Hartanto,62309,11A,89,91,93,91,95,64,92,90,61,71,92,92,60,92,82,75
Dewi Susanto,69901,11A,86,83,89,95,68,84,93,90,73,86,66,90,64,62,82,89
Erlangga Saraswati,52173,11A,83,75,61,79,79,64,77,63,73,72,94,87,64,94,62,66
Eko Gunawan,78936,11A,90,63,65,60,89,91,72,89,75,91,92,93,94,66,91,68
Tegar Sari,40609,11A,82,78,90,66,63,80,93,89,87,72,79,89,91,74,77,71
Zaenal Purwanti,13571,11A,70,67,70,77,80,78,91,74,69,78,75,75,85,94,82,86
Eko Priambodo,98627,11A,69,70,84,60,72,83,60,93,94,63,88,75,75,85,76,72
Koko Calvin,97569,11A,63,70,69,60,71,75,86,78,90,87,95,71,71,66,77,86
Jasmine Agustina,98643,11A,95,85,77,82,85,88,67,91,88,80,81,95,67,70,90,84
Nanda Rachman,90138,11A,92,93,65,69,64,95,77,67,65,61,89,70,82,65,78,76
Prasasti Prasetyo,83066,11A,76,95,87,84,71,92,76,64,79,71,61,63,84,60,94,87
Dewi Yudhoyono,66159,11A,92,60,68,83,85,87,87,83,79,67,90,69,66,65,74,63
Nadia Pratama,98583,11A,70,94,76,62,68,87,62,87,85,84,72,86,83,82,82,79
Bambang Wibisono,68486,11A,68,70,86,65,67,80,90,80,68,87,84,87,85,66,90,65
Bella Rahayu,68216,11A,69,76,71,64,81,93,81,77,62,66,85,86,65,66,75,75
Indah Permata,43414,11A,67,64,79,72,82,69,73,92,89,81,95,94,90,94,76,80
Vito Prasetya,11615,11A,95,84,91,70,78,67,92,86,71,63,86,69,60,73,68,83
Cinta Yudhoyono,31034,11A,74,85,93,70,81,79,66,84,71,65,69,67,81,92,75,61
Firman Priambodo,53513,11A,89,76,85,60,92,93,65,65,84,84,62,70,80,73,60,72
Kiki Putranto,47218,11A,65,93,66,76,94,87,65,60,73,95,65,90,94,70,66,68
Putri Sugiarto,38846,11A,72,90,67,88,88,83,92,69,63,91,86,87,95,92,67,72
Endang Kusnandar,68871,11A,70,91,66,90,77,61,91,89,95,91,93,83,76,68,88,67
Wawan Megawati,92024,11A,88,76,75,64,81,67,89,80,92,79,74,95,63,93,79,74
Yuni Kusnandar,66689,11A,90,83,66,70,60,69,62,88,84,82,93,94,79,77,90,69
Endang Widodo,77629,11A,66,84,71,84,92,80,93,64,73,68,77,68,61,78,76,61
Faisal Ratnasari,43699,11A,93,62,73,82,80,65,66,84,93,85,73,95,69,95,73,74
Agus Indahsari,84463,11A,67,83,73,90,75,86,84,87,72,68,89,73,65,83,77,69
Putra Darmawan,58683,11A,76,92,94,69,65,95,85,89,80,64,90,89,61,73,66,66
Putra Nugroho,83505,11A,69,63,71,79,68,85,95,69,70,89,68,75,67,84,67,77
Kresna Irawan,54626,11A,65,86,85,82,93,88,95,79,93,75,88,86,67,78,69,67
Vero Prayogo,68370,11A,69,95,86,65,64,76,64,94,81,86,65,76,86,79,85,71
Hana Widiastuti,98148,11A,84,72,68,80,90,69,71,75,61,81,68,93,94,81,68,85
Miftah Andini,47971,11A,66,79,79,60,84,88,65,74,79,62,88,83,83,69,64,75
Yanti Widiastuti,35990,11A,61,93,86,70,95,79,95,74,85,87,89,88,61,68,71,84
Olivia Haryanto,62159,11A,87,66,85,69,74,81,74,61,61,91,95,80,83,78,63,66
Taufik Hartanto,92488,11A,75,74,91,63,63,93,63,79,85,72,69,64,66,95,81,69
Wawan Irawan,53760,11A,69,89,65,76,85,61,82,83,92,83,60,94,62,87,69,73
Vina Fitriani,70404,11A,91,76,60,92,72,69,65,63,93,82,67,73,65,94,65,65
Anisa Susilo,38237,11A,63,68,78,60,66,90,88,76,95,63,61,95,85,88,85,91
Budi Wulandari,69939,11A,63,80,66,81,84,94,74,89,90,88,90,78,66,69,72,86
Nadia Kartini,90135,11A,71,83,77,78,95,80,91,79,86,95,88,67,81,76,92,95
Jaya Kartini,99494,11A,66,61,89,60,69,92,89,94,80,79,68,73,76,71,68,84
Miftah Panjaitan,23475,11A,72,92,70,85,74,88,78,67,66,65,65,90,89,88,80,65
Cahya Anggraini,93315,11A,85,65,90,65,84,88,82,76,74,82,78,89,64,80,93,77
Pandu Rahmawati,22533,11A,73,60,72,67,71,65,77,68,87,60,65,82,79,78,72,94
Oky Santosa,97726,11A,72,66,83,80,67,87,75,60,62,94,65,69,76,91,76,67
Fatan Prasetyo,93968,11A,72,75,87,66,83,82,95,92,68,95,82,85,70,76,82,87
Ulfa Hidayat,13651,11A,78,77,63,90,85,91,77,76,60,95,86,79,78,93,68,80
Yogi Lestari,20347,11A,83,62,79,72,73,61,93,85,81,92,60,87,67,81,81,63
Fanny Fauzi,94688,11A,73,77,64,77,78,74,93,90,63,81,64,70,94,67,67,93
Bella Wibowo,54508,11A,92,68,94,89,74,67,65,72,86,64,95,64,62,77,62,62
Rizky Gunawan,37924,11A,78,61,64,65,92,92,74,63,66,73,68,68,88,76,88,64
Adi Kusumawardani,57140,11A,71,88,61,85,60,85,82,74,94,70,84,76,72,89,73,79
Hesti Widiastuti,21553,11A,67,71,90,92,62,92,77,65,78,66,95,76,62,66,85,89
Umi Suryani,57622,11A,95,60,72,74,61,91,82,65,89,64,85,61,84,86,67,73
Salma Iskandar,74527,11A,87,82,91,88,63,79,86,77,87,94,78,67,93,66,77,89
Gina Paramita,78786,11A,74,71,75,62,81,84,72,88,62,66,79,74,67,93,79,78
Nadia Hartono,86418,11A,86,81,84,75,88,80,79,83,65,66,63,95,80,76,79,61
Rudi Susanto,60761,11A,91,90,93,90,85,62,66,91,92,65,89,76,71,65,67,78
Wati Fitriani,77551,11A,73,60,93,90,74,66,69,93,76,86,89,60,84,81,74,71
Faisal Abidin,86692,11A,80,68,63,81,78,83,64,80,82,73,83,73,64,68,88,81
Jaya Prasetyo,38420,11A,65,71,70,85,94,64,73,73,61,73,81,86,84,66,61,77
Tegar Susilo,19258,11A,90,75,66,77,94,76,88,81,91,67,95,79,78,92,63,86
Naila Wulandari,35994,11A,89,69,83,95,85,60,88,92,65,71,77,61,95,82,83,65
Ira Lestari,98089,11A,61,87,82,62,72,84,86,67,68,83,93,87,84,60,86,65
Qisya Handayani,95707,11A,65,61,75,91,82,78,78,85,79,72,60,70,64,60,76,62
Tini Kusumawardani,27282,11A,63,94,65,77,84,64,75,92,92,84,80,70,67,77,83,70
Eko Pratama,76195,11A,80,68,79,90,89,87,67,76,73,85,93,87,79,91,60,90
Ulfa Firdaus,39995,11A,60,78,74,62,64,80,75,95,76,71,92,95,90,88,68,68
Lukman Puspitasari,64377,11A,68,62,67,80,75,89,87,82,78,74,71,87,79,87,81,87
Malik Rahayu,18007,11A,79,69,67,87,83,90,62,81,86,66,70,82,95,82,71,74
Olivia Kartini,17056,11A,80,75,91,74,71,94,75,81,60,82,88,64,92,66,65,69
Dewi Nainggolan,38997,11A,77,80,88,77,81,79,73,93,92,75,80,72,72,83,83,90
Qori Rahmawati,36453,11A,79,64,63,76,92,74,91,64,62,65,86,71,68,74,81,86
Adi Hakim,92891,11A,68,67,76,75,62,64,71,79,76,84,71,79,71,95,86,72
Utari Indahsari,96372,11A,75,87,64,74,82,64,92,94,95,73,88,76,84,62,87,76
Oki Pangestu,28814,11A,66,73,75,78,91,82,62,60,85,60,89,76,91,69,77,90
Jaya Hariyadi,55987,11A,72,83,70,60,73,92,64,93,70,92,89,94,79,95,78,93
Vanya Hariyadi,37821,11A,65,86,82,94,61,85,74,68,64,91,64,79,87,72,77,90
Alya Kusnandar,58481,11A,85,60,67,88,89,90,77,75,83,92,79,78,61,69,93,81
Dodi Ramadhan,50724,11A,79,89,67,74,85,70,86,67,91,76,66,89,80,84,84,89
Putri Prasetya,91222,11A,93,93,77,84,74,86,70,78,78,64,72,86,62,80,66,68
Lela Gunawan,62477,11A,60,83,64,75,76,66,61,62,66,78,69,78,79,85,73,62
Bayu Mardhiah,55775,11A,79,66,74,67,63,76,77,90,94,86,91,66,84,75,85,71
Adi Pangestu,74765,11A,82,90,74,87,64,73,73,93,71,72,88,80,83,81,92,83
Vina Prasetyo,93794,11A,75,60,86,69,65,88,66,64,67,86,89,60,77,95,92,78
Lukman Calvin,72124,11A,65,66,80,77,94,72,76,92,66,79,68,93,64,93,66,61
Cahya Putra,89828,11A,69,86,75,65,71,79,75,71,94,89,62,63,76,88,84,77
Cahya Hariyadi,99913,11A,93,79,76,75,65,94,88,91,90,83,92,81,72,61,65,72
Yanti Calvin,48936,11A,84,87,72,92,92,73,94,91,81,85,85,78,86,70,86,83
Adi Febriani,30148,11A,85,82,66,65,84,61,77,77,70,89,82,82,86,95,94,66
Xandra Novita,25153,11A,77,93,68,62,73,66,83,75,91,75,71,88,81,86,91,87
Maman Pratiwi,17405,11A,66,94,64,67,95,60,94,71,95,77,85,70,76,80,85,61
Olivia Kusumawardani,70886,11A,93,70,61,87,66,89,61,65,83,87,93,62,85,85,71,61
Dodi Permata,16730,11A,93,79,62,60,69,72,70,73,71,74,60,83,65,94,61,80
Bambang Budiman,68863,11A,78,90,83,71,60,66,74,89,88,67,87,76,63,64,68,90
Alya Kurniawan,92587,11A,88,80,62,60,80,77,90,60,65,87,66,63,68,69,74,93
Qudus Gunawan,68338,11A,61,61,79,76,88,71,89,83,90,76,63,71,88,65,69,71
Eko Rahayu,87276,11A,63,82,77,69,81,91,88,92,67,60,84,67,61,89,91,84
Bambang Winata,23511,11A,89,65,74,67,90,76,85,68,70,86,86,60,92,81,66,76
Miftah Kusnandar,52039,11A,87,63,64,81,70,88,88,87,91,62,65,84,95,86,78,70
Bella Megawati,40608,11A,85,75,71,71,72,69,62,88,72,87,66,81,90,90,88,60
Zaenal Indahsari,88360,11A,81,70,74,95,68,67,66,92,95,95,65,89,83,79,71,77
Galih Wardana,90720,11A,90,61,95,80,73,86,73,84,73,66,90,78,75,89,86,95
Ulil Setyawan,42474,11A,91,90,73,77,79,90,88,82,62,94,66,86,95,82,81,70
Qomariyah Ramadhan,36080,11A,67,74,78,95,62,78,71,75,87,87,60,92,91,79,86,79
Prasasti Gunawan,52740,11A,91,81,66,79,61,80,95,61,62,87,87,87,76,60,94,78
Tyo Iskandar,80444,11A,67,66,70,72,93,66,71,81,60,80,77,77,80,88,92,90
Koko Abidin,90715,11A,90,90,89,73,79,85,89,94,80,87,83,76,65,82,69,83
Ira Susanto,97130,11A,83,80,76,83,95,60,60,72,86,86,76,85,64,87,83,68
Citra Hariyadi,44817,11A,70,77,60,81,85,72,90,82,89,89,73,67,67,73,81,66
Hesti Hartanto,91493,11A,74,82,89,80,72,88,67,85,76,70,67,91,95,64,74,75
Danang Kusumawardani,83905,11A,71,68,82,86,60,77,73,66,88,67,77,65,77,78,81,92
Gina Iskandar,97956,11A,79,66,70,87,80,62,61,85,65,93,74,73,63,65,70,71
Lina Pangestu,15285,11A,93,65,78,64,85,89,77,89,64,77,84,85,88,72,63,64
Budi Indahsari,93575,11A,84,73,79,69,66,65,88,67,75,85,71,82,85,60,68,63
Ihsan Kusumawardani,51365,11A,68,60,71,77,80,82,72,83,67,68,71,76,67,68,77,65
Faisal Rahmawati,63826,11A,72,92,83,78,87,74,93,63,68,82,87,60,66,67,89,80
Miftah Saputra,34570,11A,64,72,77,65,68,75,79,93,87,60,81,85,84,85,65,63
Xenia Nainggolan,57615,11A,83,72,79,87,68,84,83,92,86,64,74,78,82,83,75,86
Pandu Rahmawati,10521,11A,90,78,72,86,76,77,83,72,67,68,82,71,64,86,76,65
Tyo Kusnandar,19072,11A,84,87,95,84,72,76,78,64,87,81,63,74,62,91,84,66
Fanny Ramadhan,65716,11A,67,94,61,92,63,61,74,88,76,60,67,62,66,62,84,61
Vero Nugroho,68647,11A,78,65,65,87,75,69,88,86,80,61,78,94,86,73,93,92
Kiki Wibisono,56118,11A,89,93,90,88,92,63,75,74,90,83,84,60,71,83,71,69
Budi Mulyani,68893,11A,77,82,86,74,62,89,84,65,78,63,87,89,61,79,65,70
Utari Anwar,34537,11A,62,68,83,72,61,68,91,70,86,71,88,88,66,70,94,74
Gina Pangestu,96968,11A,63,70,86,94,63,63,79,72,74,94,70,85,91,87,78,75
Zulfa Prasetyo,17556,11A,95,62,80,70,65,82,85,88,65,88,88,62,94,70,63,79
Prasasti Lesmana,35077,11A,66,73,95,77,79,64,87,79,76,86,85,84,93,60,64,89
Hesti Ratnasari,37580,11A,65,77,92,83,94,76,75,81,75,83,60,83,93,64,62,80
Wati Irawan,78159,11A,71,78,76,90,92,67,93,95,88,78,92,76,77,92,84,65
Putri Hariyadi,70976,11A,71,65,70,82,67,68,73,74,92,69,65,95,92,94,68,65
Satria Saraswati,85946,11A,71,86,92,93,88,67,73,88,64,73,71,66,62,70,92,88
Qisya Suryani,87404,11A,67,90,78,85,79,66,82,85,80,67,91,91,71,80,91,87
Zainal Paramitha,54460,11B,94,74,65,69,67,79,78,69,70,77,67,81,88,68,88,78
Qori Yulianti,93571,11B,60,88,88,68,67,75,72,92,60,79,76,68,87,79,73,83
Wahyu Putri,65575,11B,60,78,92,84,61,84,81,88,82,70,73,72,94,86,78,62
Dodi Kurniawan,45931,11B,68,62,62,87,85,76,80,93,80,86,79,79,85,88,68,67
Koko Sari,96777,11B,69,93,87,88,86,85,85,74,81,68,72,81,78,66,62,79
Alya Nugroho,82232,11B,87,84,80,60,67,81,69,85,65,78,65,63,67,91,74,76
Ira Priambodo,38976,11B,91,84,85,83,81,72,66,64,94,65,86,95,88,76,64,74
Faisal Mulyani,49059,11B,94,68,85,62,63,81,95,72,64,83,65,66,64,78,81,87
Zainal Wardana,99644,11B,75,89,71,83,67,72,64,85,71,89,80,63,68,91,61,76
Raka Nur,77563,11B,60,89,85,92,82,86,92,84,94,84,82,70,61,71,62,95
Gina Iskandar,79631,11B,66,93,83,72,92,74,65,71,61,84,80,91,72,84,67,74
Dina Yulianti,50194,11B,84,94,95,86,81,95,72,76,69,82,73,63,74,94,60,60
Putra Hermawan,88407,11B,64,81,92,61,90,73,88,82,79,81,89,85,82,81,63,85
Vito Andini,53436,11B,94,69,68,78,64,75,66,94,81,66,87,74,69,88,93,92
Putra Prayogo,66967,11B,76,95,67,76,67,95,60,88,60,66,73,83,84,64,90,70
Ulil Yulianti,88855,11B,69,73,77,68,82,93,93,84,89,75,80,75,77,62,71,94
Ocha Fauzi,20715,11B,64,92,70,92,71,85,76,62,77,61,82,64,75,93,65,86
Eko Andini,19557,11B,90,79,75,68,82,91,63,79,82,67,64,70,80,75,87,67
Qori Nugroho,27493,11B,73,74,78,85,68,73,78,75,93,77,67,86,88,65,67,73
Juwita Yulianti,44798,11B,80,80,85,71,77,86,69,67,79,62,83,86,81,61,81,79
Juwita Kusumawardani,96446,11B,91,94,87,68,64,74,63,82,71,75,69,84,86,62,64,74
Utari Susilo,96645,11B,80,81,87,85,92,81,65,81,65,89,79,81,70,82,91,94
Ihsan Wibisono,90156,11B,86,84,66,60,70,72,88,67,66,95,90,86,84,65,88,88
Indah Paramita,49270,11B,83,78,83,77,93,85,72,88,73,62,73,71,60,65,86,94
Lina Agustina,43764,11B,80,70,90,64,76,68,60,85,80,61,84,67,72,66,89,82
Ira Pratiwi,26034,11B,94,76,65,76,87,82,70,75,89,94,89,65,83,79,94,92
Kiki Budiman,38258,11B,95,70,62,81,80,76,83,71,72,79,90,73,76,86,75,93
Bambang Susilo,61437,11B,85,70,78,73,63,79,87,72,81,89,92,79,70,62,80,74
Ihsan Widodo,57634,11B,64,84,73,73,73,60,71,63,95,85,87,95,85,83,69,89
Qisya Mulyani,87471,11B,86,62,84,88,95,90,77,64,94,81,93,85,91,70,83,87
Galih Lestari,77201,11B,61,84,75,62,84,84,76,80,74,78,60,71,86,91,88,65
Umi Irawan,18884,11B,71,65,70,74,72,75,64,71,76,72,67,66,87,84,95,62
Raka Maulana,83515,11B,68,68,74,79,83,61,92,88,72,70,91,91,67,84,64,83
Jasmine Fauzi,50562,11B,84,67,88,68,80,67,88,62,84,82,83,82,80,87,86,94
Kiki Kusumawardani,23125,11B,71,81,65,69,90,87,82,76,61,91,95,66,78,80,76,84
Jasmine Yudhoyono,63368,11B,83,62,85,85,79,64,66,92,78,64,72,69,74,84,81,91
Ulfa Irawan,15398,11B,89,86,65,70,86,60,63,91,80,73,88,64,75,80,83,90
Vina Hartanto,38157,11B,75,63,75,63,73,75,93,78,86,82,71,82,87,86,71,76
Olivia Iskandar,25378,11B,82,88,72,72,70,85,72,93,66,66,92,77,81,61,88,78
Wahyu Wulandari,30829,11B,63,63,71,90,95,67,80,91,69,64,72,72,63,89,68,66
Kresna Abidin,64904,11B,81,70,90,74,67,86,66,71,68,61,90,81,90,69,72,79
Dina Fauzi,72156,11B,84,77,76,68,67,83,70,80,87,81,69,74,91,82,90,69
Agus Nur,36584,11B,95,79,74,67,76,60,88,72,78,77,94,78,71,76,73,89
Yanti Hapsari,18182,11B,91,86,81,80,73,76,71,72,64,75,85,94,68,72,80,71
Qisya Purwanti,35651,11B,86,63,84,74,93,76,89,60,64,63,71,70,92,84,88,86
Hesti Prayogo,22996,11B,95,72,85,89,85,69,73,75,63,74,79,79,76,80,89,69
Hana Hidayat,26875,11B,77,66,85,63,76,65,95,93,85,78,70,71,72,71,85,82
Dina Fauzi,55269,11B,62,68,79,74,65,95,77,81,82,92,86,67,86,85,94,70
Jasmine Kartini,27593,11B,86,62,66,86,83,73,77,85,90,85,84,67,76,89,85,69
Xaverius Permata,38323,11B,70,70,61,81,82,72,85,92,71,84,86,94,66,84,62,88
Nadia Andini,19980,11B,92,61,92,91,66,77,61,65,82,60,88,90,80,65,68,80
Danang Wardana,14236,11B,78,89,90,83,64,86,88,78,61,92,76,70,76,62,95,81
Lukman Wibowo,32831,11B,89,70,80,63,80,82,81,63,88,64,91,65,77,69,85,63
Vito Saputra,36106,11B,73,68,71,79,95,69,92,87,77,82,84,82,65,91,90,61
Bambang Novita,35032,11B,95,75,82,91,89,66,61,93,75,89,66,71,94,70,67,75
Firman Kusnandar,87907,11B,67,80,95,88,62,71,90,68,89,95,86,62,87,74,89,82
Alya Santoso,15352,11B,72,94,79,65,86,67,76,71,76,68,95,68,94,81,91,81
Bella Nugroho,72120,11B,88,85,86,77,81,68,69,86,79,71,95,67,73,64,75,62
Salma Pangestu,40486,11B,62,91,93,86,95,84,77,85,84,80,72,86,81,85,61,81
Bambang Hadiwijaya,33461,11B,73,82,83,90,72,90,90,88,87,86,73,81,78,66,63,77
Kiki Nurhadi,97349,11B,80,69,74,88,90,66,69,88,84,69,93,76,74,77,92,69
Citra Anggraini,87537,11B,91,73,82,71,85,69,65,92,82,93,65,87,84,75,83,67
Luna Sugiarto,51871,11B,77,61,87,65,64,74,77,77,62,92,67,72,82,88,62,78
Xandra Hapsari,67847,11B,70,92,85,60,71,62,87,78,72,87,81,82,88,71,61,91
Wati Utami,31953,11B,76,77,88,60,62,61,92,69,88,89,84,67,61,61,71,79
Dewi Purwanti,73468,11B,95,61,70,78,68,92,72,79,63,84,84,81,65,67,95,90
Juwita Mardhiah,89495,11B,95,67,79,83,83,94,73,71,70,86,77,85,91,65,70,72
Nadia Putri,38316,11B,86,65,63,86,89,81,86,93,93,95,72,91,68,62,68,89
Nadia Putranto,88465,11B,78,76,85,62,90,86,65,86,85,69,70,72,86,86,74,69
Rudi Priambodo,52111,11B,65,76,90,79,84,84,67,64,73,69,71,75,86,72,63,75
Eko Kusumawardani,49754,11B,78,77,80,64,69,91,90,92,61,86,80,92,74,70,67,67
Cahya Prayogo,83821,11B,60,92,67,73,62,90,95,80,83,95,60,93,76,77,61,70
Joko Calvin,60424,11B,88,70,61,83,68,92,71,62,63,87,84,78,76,60,89,74
Oky Pratiwi,90213,11B,61,95,93,88,78,84,63,88,95,71,92,82,60,76,67,86
Rudi Paramita,47513,11B,81,74,86,75,94,75,69,78,81,86,94,88,62,81,63,91
Rudi Panjaitan,43867,11B,88,82,74,65,82,89,63,68,92,83,88,95,60,78,78,72
Xaverius Calvin,98008,11B,85,93,71,68,81,75,86,67,81,90,60,80,65,75,77,87
Putri Priambodo,36520,11B,87,94,88,78,88,75,77,77,72,76,80,72,74,78,88,65
Mega Handayani,19859,11B,70,84,87,81,89,63,61,83,60,87,61,86,71,71,83,86
Qisya Santosa,97368,11B,77,85,95,80,93,71,69,94,83,71,89,92,73,93,60,84
Irsyad Prayogo,63584,11B,63,70,94,64,82,65,71,62,92,68,90,86,60,75,92,95
Vero Wibisono,80678,11B,91,92,72,62,93,88,91,63,77,75,89,65,83,65,70,80
Vanya Hidayat,32939,11B,88,67,85,90,67,94,95,84,72,71,71,67,88,64,67,61
Wahyu Febriani,62044,11B,91,75,85,66,95,94,67,65,70,63,90,73,67,87,64,78
Jasmine Utami,35680,11B,68,85,74,76,90,77,94,91,71,80,62,60,65,66,92,74
Nanda Yuliana,35322,11B,67,76,63,68,82,71,64,91,68,79,92,70,93,85,81,67
Juwita Hidayat,39050,11B,70,64,80,85,61,69,73,71,94,75,81,80,65,90,62,77
Citra Nugroho,94397,11B,81,61,76,62,80,95,74,88,87,86,66,63,66,85,86,72
Indah Pradana,57483,11B,67,70,92,95,95,62,77,90,92,87,60,75,83,66,90,77
Prasasti Anindita,38066,11B,82,78,71,91,82,74,79,81,94,87,88,89,61,60,67,75
Tyo Prasetya,43649,11B,91,72,86,83,63,93,89,70,87,87,82,77,70,72,68,87
Gina Hardianto,23088,11B,69,66,94,78,68,60,94,85,76,69,91,71,74,87,79,66
Irsyad Nurhadi,10020,11B,78,60,80,93,64,77,91,86,95,92,91,88,68,72,66,94
Yanti Kusumawardani,68822,11B,95,68,86,83,88,69,62,69,62,63,62,87,62,81,75,68
Indah Agustina,67290,11B,84,83,90,69,66,95,82,86,85,90,79,73,70,89,84,67
Miftah Maulana,60165,11B,79,62,83,62,65,78,93,87,86,88,62,67,66,80,87,71
Ulfa Nur,19467,11B,93,65,80,90,84,69,67,74,70,95,89,95,80,85,86,80
Taufik Rahmawati,36797,11B,65,70,79,61,60,83,68,81,71,95,62,69,67,80,62,82
Vina Wardana,38599,11B,94,60,61,66,63,63,66,81,65,61,88,61,63,90,80,90
Endang Rachman,55601,11B,72,74,70,80,73,61,95,71,90,81,74,60,77,77,86,66
Malik Hermawan,68955,11B,64,87,64,75,61,94,72,63,78,89,94,63,78,69,95,80
Eva Pangestu,35843,11B,74,84,86,92,89,76,85,80,81,64,95,70,83,79,85,93
Juwita Hartanto,25243,11B,87,60,72,72,75,62,76,93,66,76,81,74,94,84,61,85
Adi Nurhadi,34373,11B,74,80,84,75,81,88,71,84,92,83,81,92,85,83,77,79
Alya Wibowo,27441,11B,63,82,72,68,69,93,87,63,71,72,63,64,82,63,95,80
Lukman Paramita,68756,11B,95,61,81,76,72,60,76,74,93,80,77,67,69,92,94,81
Tini Setiawan,15981,11B,92,80,90,75,84,94,90,62,93,81,80,90,82,84,63,94
Tegar Pradana,90006,11B,77,72,90,79,77,87,91,61,93,93,82,69,83,80,87,94
Xenia Irawan,63346,11B,82,68,78,87,86,67,80,76,87,70,62,81,61,76,60,76
Wati Wibowo,47836,11B,91,61,89,90,71,74,90,61,60,79,87,60,84,72,78,69
Luna Hadiwijaya,32895,11B,72,77,91,67,70,85,68,94,82,95,81,95,61,83,92,67
Pandu Wardana,27414,11B,61,74,89,74,74,74,69,71,84,61,90,94,94,60,73,61
Oky Pratama,41084,11B,71,93,81,65,70,67,93,93,65,79,84,82,72,77,91,73
Xenia Fauzi,92879,11B,92,92,66,89,95,77,76,80,95,91,73,81,79,83,77,92
Wahyu Kusnandar,59896,11B,75,70,89,69,74,95,89,83,84,87,84,64,89,89,72,79
Sari Pradipta,83319,11B,79,69,60,65,78,88,88,71,67,87,80,95,93,92,73,94
Xaverius Purnomo,55335,11B,91,77,70,88,76,81,71,70,86,76,67,93,74,91,88,87
Sari Mardhiah,10587,11B,83,88,91,71,84,79,66,85,92,88,94,82,89,63,85,79
Salma Saputra,99958,11B,68,92,60,69,90,93,80,89,66,73,66,90,65,84,82,74
Naufal Darmawan,74398,11B,76,76,82,81,95,62,67,71,93,90,88,80,75,90,61,91
Eko Paramitha,88822,11B,71,83,83,88,65,77,62,87,77,90,91,75,62,66,87,86
Galih Fauzi,45979,11B,71,75,80,69,86,72,88,82,90,85,70,92,60,73,86,85
Xaverius Utami,97314,11B,90,90,77,86,79,82,75,72,60,80,88,78,61,78,73,89
Nadia Prayogo,47526,11B,80,83,73,62,94,74,94,82,77,61,60,83,94,74,94,94
Putra Fauzi,35793,11B,63,72,79,70,60,66,85,91,76,80,64,72,93,76,91,79
Joko Prasetyo,81083,11B,61,80,95,76,87,86,76,76,72,92,60,64,70,63,68,86
Lina Hapsari,71813,11B,86,80,65,62,83,95,78,90,80,87,61,79,68,81,64,90
Anisa Sudarso,83765,11B,70,76,94,76,66,71,77,90,72,92,69,66,89,84,70,66
Wawan Pradana,22148,11B,94,84,90,82,93,63,66,93,89,90,84,72,63,67,80,88
Putra Putra,70210,11B,73,72,63,75,64,90,78,90,70,78,65,92,75,84,92,83
Kartika Hariyadi,67443,11B,81,74,68,80,78,87,60,91,92,78,89,79,90,77,72,76
Prasasti Hidayat,62494,11B,91,65,80,86,64,91,69,93,84,65,90,81,90,91,62,77
Maman Setiawan,28113,11B,69,75,94,78,90,74,95,90,67,82,89,95,75,92,78,81
Adi Agustina,77790,11B,64,83,80,88,62,90,89,88,80,67,81,64,78,66,65,76
Oki Wibowo,46445,11B,76,79,77,87,63,85,70,75,66,71,82,94,75,85,77,76
Raka Anindita,99714,11B,72,67,86,90,71,64,68,70,95,94,81,80,64,75,70,61
Cakra Sudarso,38324,11B,65,90,84,78,72,88,88,81,86,80,80,79,85,90,78,66
Nanda Hariyadi,46481,11B,68,65,69,72,61,77,67,76,61,86,93,88,88,72,84,74
Zainal Fitriani,51640,11B,68,77,66,91,61,86,82,72,64,90,95,73,82,61,60,75
Pandu Mardhiah,64768,11B,61,92,78,68,68,66,79,80,75,80,88,92,78,90,80,78
Danang Sugiarto,24005,11B,91,72,71,77,92,79,63,87,86,94,77,65,72,92,79,62
Cahya Saputra,90116,11B,83,95,94,90,93,77,88,60,73,77,88,76,88,93,66,72
Galih Indahsari,99650,11B,70,62,94,86,94,62,91,69,64,76,88,61,86,61,84,89
Putri Lestari,22997,11B,91,95,77,81,70,93,77,88,90,77,64,94,90,77,82,64
Oki Kurniawan,56192,11B,92,73,63,89,67,70,78,71,63,64,95,65,60,63,72,77
Galih Santoso,53229,11B,64,95,64,67,63,82,76,88,60,92,83,68,77,74,74,95
Hesti Putranto,55990,11B,81,60,62,95,90,78,91,82,92,91,81,94,62,92,87,61
Danang Yudhoyono,24139,11B,68,77,61,89,93,78,69,64,60,82,82,70,83,92,77,76
Fanny Hadiwijaya,56306,11B,78,70,87,94,93,88,72,60,79,91,89,77,94,61,62,84
Zainal Wijaya,63301,11B,78,85,65,93,90,92,77,88,91,71,76,89,77,87,91,86
Salma Widodo,80256,11B,91,66,68,66,77,61,91,88,69,67,78,81,82,81,79,93
Danang Putra,57280,11B,85,81,63,70,83,62,80,64,72,93,89,84,84,72,95,81
Rizky Budiman,84533,11B,90,66,72,90,69,60,67,80,73,76,87,61,88,90,69,65
Olivia Utami,85968,11B,65,67,94,70,91,73,67,78,77,63,68,74,63,64,60,68
Eko Setiawan,55999,11B,78,64,69,94,80,73,79,61,79,86,76,87,78,74,69,64
Hendra Purwanti,49474,11B,93,72,79,77,71,90,69,68,87,95,81,61,87,91,93,64
Zaenal Hadiwijaya,53931,11B,83,88,86,71,85,75,62,80,74,86,93,68,95,86,83,87
Zulfa Fauzi,23373,11B,61,93,66,79,60,76,60,70,60,80,63,81,76,77,70,78
Putra Pratiwi,40193,11B,69,72,64,63,60,65,85,62,66,75,85,91,79,66,90,86
Vero Sudarso,75684,11B,92,70,71,75,95,83,86,93,74,62,66,84,62,94,64,65
Adi Sugiarto,30203,11B,86,70,88,93,80,95,77,89,67,78,84,67,91,76,74,84
Alya Rachman,60874,11B,95,67,75,74,89,91,93,78,81,94,90,84,89,67,65,92
Agus Purnomo,99340,11B,67,69,62,92,78,66,92,64,95,89,82,79,91,78,65,61
Qori Nugroho,21676,11B,87,76,92,77,73,70,67,83,64,94,92,75,87,89,83,70
Indah Lesmana,65913,11B,77,92,69,79,92,86,88,80,72,92,94,94,84,84,72,88
Danang Purwanti,90126,11B,85,94,63,89,87,74,83,89,60,72,83,67,82,78,74,90
Gita Anindita,34471,11B,89,85,76,78,92,80,67,92,88,79,73,66,83,74,73,93
Hendra Rachman,39482,12A,71,86,72,85,60,95,75,65,77,67,95,90,87,84,66,69
Yogi Saraswati,19210,12A,66,91,93,94,69,78,89,65,73,64,83,84,74,76,83,92
Lukman Utami,85854,12A,76,86,82,81,80,70,92,82,86,89,83,86,77,86,81,89
Mega Wijaya,18750,12A,63,82,92,66,64,92,74,77,67,65,63,61,69,69,92,92
Tegar Rahayu,65117,12A,90,79,80,70,72,90,63,72,94,74,85,83,89,74,95,68
Bella Mulyani,40177,12A,65,86,89,75,64,87,71,79,74,65,71,90,94,87,86,72
Raka Hartanto,13616,12A,85,90,76,82,84,89,63,64,80,91,95,77,93,71,88,73
Cinta Paramitha,88472,12A,63,73,75,75,63,92,84,82,92,76,78,83,77,88,79,84
Kartika Suryani,63405,12A,78,85,89,76,94,65,66,90,94,75,88,74,86,94,95,78
Bambang Nugroho,27417,12A,68,88,69,82,87,60,89,80,70,86,70,61,92,88,60,87
Miftah Santoso,96140,12A,91,66,78,93,63,61,77,65,67,79,76,70,89,74,67,94
Naufal Kartini,38810,12A,94,90,78,80,90,90,69,61,61,79,69,70,79,68,91,89
Hana Lesmana,42143,12A,66,68,79,62,87,87,78,81,81,79,73,77,92,83,95,93
Adi Wibowo,72371,12A,70,92,91,66,95,71,67,74,61,87,81,91,64,86,71,80
Alya Susanto,14538,12A,70,65,64,65,87,74,66,86,90,94,61,68,77,88,83,81
Koko Wibowo,95844,12A,64,65,65,94,68,84,62,90,89,61,71,69,94,67,91,75
Qomariyah Anggraini,37224,12A,76,78,81,69,65,63,91,72,86,93,89,88,69,79,65,64
Zulfa Hariyadi,91748,12A,71,69,87,64,60,88,85,85,69,95,64,87,88,90,85,94
Bayu Hapsari,43773,12A,89,79,76,87,91,63,95,60,70,65,90,74,69,71,85,63
Anisa Budiman,71064,12A,81,95,66,80,71,71,81,73,61,79,65,95,74,91,85,79
Yogi Sudarso,97970,12A,69,83,75,76,62,95,68,77,89,93,81,61,61,60,71,65
Cinta Permata,42965,12A,63,91,80,88,61,93,88,91,95,71,65,79,91,86,80,76
Dewi Kusnandar,68384,12A,60,66,78,79,68,72,61,67,86,63,89,64,64,79,80,70
Dina Handayani,61236,12A,83,85,75,88,84,78,90,89,68,84,69,65,61,80,95,69
Rizky Putri,90918,12A,69,65,67,92,94,75,81,87,90,95,61,83,84,94,80,78
Qudus Prasetyo,15036,12A,64,91,62,73,63,66,86,66,94,61,64,95,68,73,86,61
Ranti Pratama,70826,12A,66,82,71,72,90,71,69,68,65,61,83,78,91,77,63,81
Utari Pangestu,69991,12A,85,61,83,61,78,69,63,67,62,77,75,72,62,89,87,74
Qomariyah Surya,49770,12A,66,89,92,91,83,89,68,83,79,73,62,76,87,95,84,77
Sinta Setiawan,77603,12A,61,74,65,66,90,63,70,76,90,80,91,88,91,92,88,84
Ulil Sugianto,28854,12A,79,93,69,90,67,84,62,81,72,93,87,72,60,61,81,90
Budi Gunawan,27455,12A,88,71,79,65,63,75,82,83,74,79,66,74,94,78,73,63
Dodi Hariyadi,89501,12A,67,80,82,86,62,66,90,78,91,85,80,72,64,71,85,74
Zulfa Pradana,91618,12A,75,66,78,78,74,74,64,87,75,81,93,73,73,80,60,63
Galang Saraswati,41352,12A,80,86,75,79,80,71,61,93,74,80,82,87,70,60,69,74
Hadi Putranto,57680,12A,90,71,61,92,62,75,85,65,76,77,70,92,66,94,74,78
Nadia Panjaitan,48343,12A,76,78,70,95,82,71,94,76,93,85,64,89,73,94,72,78
Wati Paramitha,30058,12A,94,61,78,70,92,84,85,71,81,90,67,82,73,91,69,93
Faisal Budiman,24523,12A,92,72,92,77,69,87,85,62,73,74,86,67,88,90,65,60
Juwita Budiman,28867,12A,70,66,91,83,91,68,66,60,68,89,92,92,93,66,61,81
Bella Calvin,59514,12A,71,68,76,91,90,63,77,64,94,70,81,75,95,61,66,87
Galang Megawati,64294,12A,66,84,71,63,77,92,88,81,87,80,76,86,66,67,92,88
Zaenal Pangestu,71150,12A,74,93,74,77,83,85,89,86,71,72,74,72,64,92,68,61
Adi Nugroho,56038,12A,70,89,76,85,78,63,72,87,94,89,65,71,88,81,87,80
Sari Gunawan,69233,12A,82,82,91,82,82,63,82,95,61,77,89,80,86,71,64,94
Putri Saraswati,47380,12A,89,75,87,92,69,87,85,74,93,64,88,72,87,92,75,61
Ira Hardianto,81179,12A,68,94,73,62,90,86,81,67,71,88,67,86,77,78,93,91
Cahya Handayani,17124,12A,87,64,93,61,85,74,81,64,89,71,65,81,87,83,64,62
Yuni Novita,17498,12A,71,87,82,72,72,79,76,90,89,95,69,94,81,85,73,86
Hesti Kartini,65706,12A,66,95,73,90,82,88,80,94,79,90,66,70,81,82,83,74
Xaverius Priambodo,49846,12A,73,83,73,85,95,94,87,79,68,78,86,85,86,92,71,62
Wahyu Yulianti,99630,12A,70,83,86,93,60,68,73,92,88,69,81,70,80,76,73,63
Tegar Wibisono,97061,12A,61,86,93,87,66,79,64,82,91,95,81,79,77,61,76,89
Taufik Hariyadi,21890,12A,82,69,84,70,87,73,68,63,80,87,92,63,79,95,73,69
Rudi Widiastuti,12465,12A,65,80,95,88,84,64,63,88,80,66,62,76,61,95,68,72
Xandra Hidayat,52629,12A,92,64,93,87,86,95,90,62,69,71,84,63,83,81,89,73
Faisal Permata,22344,12A,66,88,69,60,65,91,63,72,79,66,62,67,78,71,92,75
Fatan Anggraini,99977,12A,76,89,75,67,69,74,77,60,66,66,88,70,82,84,82,92
Budi Nugroho,31613,12A,82,78,87,64,93,92,65,77,60,60,87,60,68,90,71,71
Qisya Hakim,98253,12A,90,64,91,73,74,77,69,69,62,80,87,85,88,90,82,93
Juwita Novita,30023,12A,63,76,80,79,65,73,64,85,87,66,80,65,65,77,77,79
Bayu Widodo,57614,12A,88,73,80,68,70,81,69,72,70,78,92,77,63,72,95,78
Citra Santosa,20131,12A,95,69,86,87,79,91,78,83,71,82,81,71,61,74,61,69
Luna Pangestu,79891,12A,78,95,64,88,78,76,64,86,88,81,67,69,66,85,92,64
Eko Sari,96464,12A,79,66,73,68,84,68,85,84,87,85,90,94,95,63,60,93
Taufik Setiawan,68886,12A,65,62,91,70,86,94,95,80,86,93,70,83,75,94,61,87
Luna Indahsari,14200,12A,92,93,94,90,87,82,88,90,73,66,65,61,74,69,63,93
Lina Rahayu,15223,12A,63,63,79,62,60,69,82,87,94,75,70,74,61,70,82,81
Fanny Purwanti,97538,12A,62,65,85,66,76,73,66,62,84,69,71,84,93,94,62,84
Galang Mardhiah,32146,12A,69,78,93,65,85,66,63,77,89,89,79,67,60,73,75,65
Tegar Indrawati,68542,12A,60,84,65,90,81,75,72,82,75,69,68,65,85,62,87,74
Xaverius Wijaya,64515,12A,87,68,68,73,76,86,84,78,75,82,95,71,94,74,61,85
Hesti Hadiwijaya,11311,12A,84,68,94,93,78,62,61,82,88,84,95,71,64,90,90,92
Ulfa Kusumawardani,71985,12A,72,90,81,72,65,62,87,90,91,76,74,67,89,81,71,61
Qudus Wulandari,98674,12A,74,76,89,86,70,63,91,86,62,80,78,61,73,80,76,83
Malik Rahmawati,66029,12A,81,82,90,69,74,62,91,65,79,63,80,92,61,76,94,62
Fanny Prasetyo,93155,12A,72,89,60,86,79,83,95,64,65,93,68,89,92,65,74,70
Nanda Wijaya,53329,12A,81,84,73,86,87,85,80,62,94,69,72,60,90,65,86,77
Irsyad Rachman,31428,12A,68,66,64,70,61,81,86,87,63,63,82,67,63,84,84,88
Zainal Lestari,13070,12A,94,73,89,82,95,79,75,66,66,61,88,78,62,71,72,93
Faisal Santosa,32770,12A,60,86,61,82,69,67,78,60,81,82,85,67,86,60,71,89
Kresna Nugroho,43425,12A,69,62,77,94,95,83,64,65,74,61,61,95,84,93,63,93
Juwita Panjaitan,72110,12A,63,60,73,84,95,85,74,75,76,75,66,88,69,72,67,95
Hendra Suryani,12679,12A,63,74,85,72,86,80,83,88,73,80,88,78,69,78,64,83
Prasasti Haryanto,60606,12A,83,73,89,76,73,93,72,92,71,79,80,92,86,64,92,92
Salma Prasetyo,19935,12A,87,80,80,92,94,82,77,77,84,95,83,84,64,85,95,65
Bella Utami,59733,12A,64,71,90,68,73,74,80,73,94,75,77,91,84,67,88,93
Joko Darmawan,93915,12A,60,94,75,77,95,65,92,80,87,90,91,84,67,72,93,68
Sinta Hardianto,64272,12A,83,63,91,92,63,70,68,71,68,71,82,86,89,93,66,86
Fanny Pratama,61554,12A,69,85,66,74,82,86,78,66,81,74,64,67,60,81,90,82
Taufik Utami,91799,12A,81,86,84,72,85,72,82,95,88,84,68,73,75,86,91,65
Miftah Anggraini,31489,12A,73,86,83,61,66,87,81,95,78,67,79,65,80,70,93,72
Bambang Firdaus,91881,12A,92,82,63,60,82,76,84,73,75,70,60,84,89,91,95,77
Malik Mardhiah,19117,12A,61,88,87,78,64,79,85,68,85,60,77,84,74,74,92,72
Kresna Pratiwi,78488,12A,90,76,79,62,89,86,86,73,94,62,93,63,86,90,74,88
Adi Calvin,82485,12A,77,62,81,82,66,92,74,82,72,93,87,94,75,71,94,63
Salma Ratnasari,33117,12A,87,75,95,75,86,81,61,89,86,89,68,76,70,79,68,68
Citra Fauzi,74851,12A,77,93,85,74,87,62,88,71,95,62,90,93,94,73,72,67
Wawan Wibisono,23552,12A,81,90,95,60,69,68,86,83,91,91,86,64,66,69,71,70
Putri Suryani,30967,12A,84,84,94,91,66,69,68,88,91,79,68,63,79,69,83,80
Xaverius Lesmana,34730,12A,62,68,80,94,78,64,80,90,81,79,81,74,83,74,93,63
Hesti Prayogo,30438,12A,83,63,85,89,88,61,89,81,72,81,78,89,62,68,73,92
Putra Fauzi,52122,12A,60,87,73,88,95,60,65,76,75,60,61,70,90,67,64,68
Utari Pratiwi,53563,12A,71,90,71,82,89,73,68,92,90,71,64,73,71,68,81,75
Qori Rahayu,18742,12A,78,86,84,66,67,92,68,79,63,68,70,91,87,77,91,68
Oky Wibisono,61269,12A,69,82,90,61,80,71,65,94,81,85,95,62,93,77,77,73
Ulfa Santosa,46811,12A,93,64,74,84,90,70,74,94,66,85,60,74,79,60,60,74
Zulfa Permata,81391,12A,86,68,89,76,95,67,79,95,77,69,60,85,89,94,76,73
Rudi Kusnandar,21984,12A,69,95,81,74,80,74,91,60,72,88,70,79,68,90,79,79
Naila Kurniawan,24381,12A,95,77,63,77,67,91,73,89,79,95,89,73,63,90,75,94
Vanya Rahmawati,40020,12A,90,82,89,72,73,62,65,85,73,65,80,68,75,88,66,95
Ocha Wardana,60595,12A,84,95,74,80,74,84,70,60,85,91,83,71,79,72,92,71
Umi Santosa,68570,12A,73,68,72,86,73,81,95,86,85,72,89,62,81,63,90,74
Vero Sugiarto,32340,12A,80,83,75,78,79,74,81,70,82,64,94,84,89,65,95,63
Hendra Lestari,23931,12A,71,71,82,81,69,75,89,94,88,91,93,67,82,62,86,67
Budi Santoso,97981,12A,92,82,91,91,90,85,87,64,85,65,79,65,87,95,82,60
Nanda Nur,54654,12A,81,79,94,76,80,87,73,95,74,76,94,61,66,62,86,80
Joko Sugiarto,24463,12A,94,88,68,68,67,61,86,88,62,85,79,68,78,63,94,90
Bambang Calvin,82661,12A,70,83,73,61,67,61,65,66,72,64,60,61,80,93,81,65
Xenia Handayani,64502,12A,64,66,72,65,90,95,64,77,65,71,68,84,63,88,66,95
Lela Fitriani,35173,12A,63,64,67,60,94,89,82,77,94,63,74,61,92,68,87,60
Sinta Permata,83858,12A,66,92,63,67,65,79,80,67,78,95,63,71,89,77,62,92
Lela Sudarso,85654,12A,85,82,85,78,76,84,94,73,95,91,64,70,71,78,65,80
Ulil Irawan,45719,12A,70,93,88,80,72,89,93,94,63,89,86,62,77,82,63,77
Qori Hardianto,80350,12A,93,69,62,60,84,88,87,77,71,81,72,77,75,94,77,92
Cinta Rahmawati,71223,12A,62,76,67,91,65,65,95,63,63,83,83,81,68,92,72,83
Fanny Lestari,19832,12A,89,88,72,75,82,83,67,87,92,93,68,87,60,72,93,72
Kresna Budiman,66495,12A,81,91,61,82,83,79,74,60,88,76,82,62,92,71,80,81
Prasasti Hakim,75020,12A,66,70,65,78,73,74,68,95,64,81,93,72,88,74,83,76
Eko Anindita,53295,12A,60,92,69,75,67,94,93,87,81,87,77,88,87,72,89,71
Vito Prayogo,73537,12A,75,60,77,67,95,67,80,88,61,63,62,92,78,77,73,62
Umi Calvin,83129,12A,69,66,86,74,77,73,87,77,88,69,70,92,93,66,73,78
Sinta Pangestu,90790,12A,65,61,84,89,66,76,85,75,71,81,83,82,69,68,65,60
Bella Haryanto,68122,12A,84,77,72,63,81,86,82,84,76,78,67,93,93,75,69,75
Ira Puspitasari,23133,12A,93,94,75,71,60,81,84,76,69,66,78,69,74,67,60,75
Dina Puspitasari,57409,12A,65,80,67,95,72,82,74,84,89,73,79,89,73,63,86,63
Putra Haryanto,54430,12A,67,69,77,76,82,70,79,61,88,60,93,95,76,76,81,84
Galang Putranto,86445,12A,60,95,88,91,87,93,89,82,73,62,62,70,74,77,87,70
Adi Hakim,40039,12A,90,94,61,87,67,70,95,61,78,90,65,84,60,72,67,71
Ulil Paramita,38928,12A,83,84,89,64,81,71,84,76,83,87,89,91,80,80,91,93
Naila Anwar,82636,12A,79,84,74,86,94,95,73,68,82,79,93,89,95,67,60,95
Maman Saputra,71952,12A,81,65,91,71,74,84,83,65,92,79,85,90,69,64,91,95
Tyo Rachman,45047,12A,61,88,85,84,88,63,68,92,86,72,75,93,60,76,74,92
Gita Firdaus,64888,12A,69,60,95,94,83,70,82,94,60,75,69,71,73,93,87,72
Gina Kurniawan,91528,12A,86,61,91,68,64,81,89,77,75,64,83,84,60,60,92,95
Ranti Nur,35289,12A,82,93,79,80,60,74,67,64,89,87,75,64,83,73,91,91
Joko Hermawan,43092,12A,78,88,90,81,92,94,93,71,60,94,72,75,86,67,90,79
Yuni Paramitha,13336,12A,95,69,71,80,70,94,65,78,90,71,79,67,93,80,75,73
Gita Kusnandar,75432,12A,66,92,94,79,84,67,73,88,95,65,62,72,88,95,63,70
Vito Susilo,27025,12A,93,95,74,62,64,84,85,75,66,69,73,82,71,67,86,95
Lukman Setyawan,59597,12A,90,63,73,89,92,73,71,90,77,82,83,77,93,94,63,79
Anisa Abidin,66032,12A,92,91,95,66,80,85,95,69,88,83,67,94,61,91,73,78
Mega Putra,47493,12A,78,93,80,66,84,62,80,94,73,60,89,64,83,77,60,80
Tyo Hadiwijaya,94759,12A,65,83,69,84,85,88,85,66,69,91,68,77,86,81,88,75
Fatan Hapsari,21881,12A,92,72,74,61,65,94,60,60,82,62,75,79,84,92,76,89
Rudi Handayani,64621,12A,61,87,81,71,83,77,87,90,91,80,75,72,74,65,91,90
Kresna Yuliana,32528,12A,60,72,90,95,93,63,76,82,81,73,89,62,76,68,73,88
Firman Wijaya,32534,12A,93,65,89,63,60,82,90,88,79,61,68,85,84,80,77,74
Kresna Maulana,16082,12A,94,65,94,73,82,63,87,88,82,74,71,78,84,73,80,76
Gina Yulianti,60578,12A,81,88,77,79,68,85,60,70,64,66,85,68,89,70,88,71
Utari Lesmana,88706,12A,60,93,92,89,90,92,87,89,95,86,76,84,73,87,91,73
Vero Yulianti,65955,12A,76,94,86,60,91,72,68,93,95,86,69,77,61,64,77,84
Wahyu Andini,78977,12A,92,62,60,68,92,86,86,64,85,90,83,83,85,92,94,90
Umi Putranto,86778,12A,67,76,78,85,95,74,62,80,80,78,68,74,67,87,78,71
Eko Puspitasari,53721,12A,73,83,75,91,81,66,65,69,61,95,88,61,76,68,85,82
Fanny Wulandari,66982,12A,81,74,95,91,93,83,86,93,64,75,94,60,61,77,89,77
Juwita Surya,75669,12B,91,77,85,78,93,93,69,64,93,67,89,84,92,82,69,63
Tyo Agustina,74141,12B,64,71,67,85,77,91,87,71,80,62,60,87,84,62,92,62
Rudi Handayani,78720,12B,64,69,77,88,75,72,70,75,79,79,92,65,94,64,87,83
Gita Widodo,10078,12B,93,61,76,90,76,62,86,67,88,84,75,84,74,78,72,69
Naufal Prasetya,90013,12B,83,83,83,80,78,68,81,95,76,70,71,70,84,82,91,69
Eva Saraswati,48465,12B,89,78,95,70,79,86,76,84,73,67,93,67,62,77,74,61
Lela Kusumawardani,48774,12B,62,64,81,83,83,65,67,86,94,63,61,86,81,74,73,76
Fatan Maulana,88487,12B,89,85,77,65,68,66,92,88,89,74,66,67,90,83,70,63
Qomariyah Rahmawati,69624,12B,70,73,95,86,79,90,92,70,65,76,92,86,60,65,85,92
Cahya Winata,59900,12B,74,88,82,82,82,61,88,71,84,68,64,66,81,60,64,70
Lukman Anwar,26613,12B,70,64,73,78,88,84,80,65,70,60,85,68,93,67,65,86
Lina Kusnandar,65440,12B,86,86,60,69,92,92,93,89,91,87,71,72,79,70,77,84
Maman Putranto,65983,12B,90,82,64,86,72,89,85,68,77,75,94,60,76,91,64,78
Budi Wibisono,73434,12B,79,88,71,79,89,77,81,83,72,62,92,92,76,92,62,66
Danang Puspitasari,57933,12B,78,80,62,79,78,79,75,89,64,89,87,77,69,69,61,71
Dodi Lesmana,83401,12B,77,62,83,72,71,60,62,73,63,86,62,87,80,94,62,78
Gita Ramadhan,48004,12B,94,68,83,69,91,87,69,74,73,65,72,78,72,89,73,62
Agus Nur,87823,12B,69,89,89,82,90,87,63,69,76,88,85,62,80,79,71,60
Qomariyah Puspitasari,43812,12B,95,69,71,79,82,72,80,94,82,71,75,63,68,75,90,89
Taufik Budiman,76372,12B,64,84,62,94,93,64,88,68,81,66,92,79,91,74,85,92
Vito Hidayat,94266,12B,64,83,79,84,72,78,84,91,69,78,70,92,90,80,76,65
Anisa Surya,87917,12B,95,92,79,60,82,65,80,94,71,64,70,66,70,77,60,83
Rizky Hartanto,60003,12B,80,74,73,71,69,93,76,65,70,88,75,78,60,92,66,78
Galang Febriani,74133,12B,80,68,86,73,79,93,74,91,83,65,86,76,62,73,85,95
Galih Pradana,98132,12B,85,73,75,82,76,69,95,88,70,64,64,89,93,64,71,82
Ihsan Saraswati,95343,12B,61,62,65,80,76,89,93,79,67,61,93,84,89,70,89,64
Sinta Pradana,68131,12B,72,75,91,83,80,88,89,90,75,61,81,93,65,64,62,60
Gita Panjaitan,85143,12B,90,62,62,74,76,71,70,89,64,77,81,68,67,77,78,85
Jaya Anggraini,91808,12B,65,66,70,82,67,76,64,60,95,72,81,65,81,84,77,95
Eva Kurniawan,62153,12B,72,60,72,71,64,83,63,66,93,67,80,95,91,66,85,82
Prasasti Hartanto,33925,12B,87,87,66,62,90,80,88,75,70,65,77,67,84,81,60,89
Eva Kusumawardani,99364,12B,67,92,75,84,95,68,72,91,69,66,95,90,78,64,92,78
Prasasti Prayogo,82677,12B,91,70,65,87,60,95,87,78,85,61,78,85,60,69,79,80
Oky Fauzi,55507,12B,78,94,84,88,62,79,89,94,73,87,85,60,65,67,67,65
Tini Mardhiah,94817,12B,72,67,60,81,74,79,83,94,94,89,87,86,93,76,71,62
Erlangga Ratnasari,16107,12B,84,78,87,60,77,66,74,92,62,83,94,82,95,89,80,64
Kiki Yuliana,45693,12B,95,76,73,83,68,60,66,63,67,83,82,74,68,85,70,61
Cakra Wibowo,34112,12B,82,72,92,65,92,65,76,94,64,61,89,75,65,64,61,78
Bella Megawati,20751,12B,92,72,75,71,87,94,92,67,71,72,74,63,68,64,81,95
Yogi Panjaitan,13784,12B,82,69,93,82,94,78,71,67,78,64,69,70,60,64,64,70
Naila Purnomo,31284,12B,84,63,72,72,87,94,67,73,67,93,75,88,65,88,85,65
Budi Hermawan,10186,12B,88,66,71,71,90,94,68,83,78,92,95,76,93,71,74,95
Dodi Firdaus,90343,12B,93,70,62,68,68,88,95,63,68,75,79,86,74,92,61,83
Zulfa Indrawati,17421,12B,88,91,80,77,91,76,93,60,81,88,92,80,95,66,61,77
Tyo Suryani,90989,12B,89,86,91,87,92,87,62,91,70,77,94,87,73,70,65,93
Cahya Widiastuti,41938,12B,79,70,87,86,73,73,73,88,79,75,74,69,87,90,76,68
Ihsan Handayani,86513,12B,77,63,89,78,64,60,95,90,90,74,72,81,76,62,71,72
Luna Abidin,55721,12B,88,74,93,75,89,61,78,60,91,73,91,84,85,71,77,79
Qori Novita,32725,12B,90,93,74,71,63,62,91,86,63,65,90,88,67,69,60,95
Vero Firdaus,65125,12B,67,63,91,83,84,87,92,72,71,76,83,93,81,62,63,87
Ulil Setyawan,46283,12B,74,69,60,64,91,86,78,63,77,80,75,86,62,81,95,73
Gina Sugiarto,77243,12B,75,60,76,92,67,92,87,84,75,80,86,86,80,65,81,65
Jaya Paramita,46240,12B,65,75,72,86,65,65,77,69,80,88,64,69,72,75,71,82
Vero Wibisono,81065,12B,80,86,70,80,79,81,91,90,69,90,69,84,87,73,63,65
Rizky Prasetyo,46194,12B,80,67,82,85,61,86,83,83,95,90,70,65,74,89,74,88
Galang Lestari,84190,12B,64,66,73,90,66,61,70,87,66,91,94,70,91,78,71,78
Utari Rachman,89962,12B,63,83,70,68,69,69,63,86,85,88,62,71,62,75,64,69
Ihsan Yulianti,73869,12B,88,84,70,69,77,94,71,83,87,68,72,93,79,84,89,67
Kartika Sugianto,10410,12B,63,79,74,78,92,77,94,89,64,89,88,83,65,74,84,68
Maman Handayani,85620,12B,90,69,76,75,94,82,92,79,79,66,76,77,61,71,61,85
Luna Hermawan,89958,12B,76,81,88,79,83,88,70,87,89,68,88,74,93,75,76,60
Bambang Yudhoyono,48118,12B,76,73,94,91,80,77,83,86,61,70,67,77,64,89,77,69
Cakra Nugroho,50606,12B,63,78,90,86,66,70,64,71,84,64,94,75,66,88,72,78
Olivia Hartanto,59294,12B,77,91,84,93,95,61,70,69,82,70,60,72,79,62,66,73
Wahyu Rachman,35811,12B,63,78,86,93,94,85,82,94,94,80,60,66,70,76,85,69
Miftah Nainggolan,85613,12B,92,78,68,91,90,62,90,77,83,63,73,71,61,69,91,92
Naufal Gunawan,59596,12B,94,75,86,93,91,78,63,75,95,94,83,64,75,83,65,64
Gina Saraswati,27131,12B,78,93,86,68,73,67,95,68,88,67,68,76,86,78,87,66
Yuni Prasetyo,30093,12B,81,79,84,95,65,75,61,70,81,89,68,94,85,89,66,64
Dodi Anggraini,80799,12B,73,65,90,86,91,90,77,73,60,67,85,68,78,86,75,79
Firman Calvin,58669,12B,90,76,84,87,69,85,84,90,64,90,87,80,79,68,62,93
Qudus Megawati,37131,12B,81,61,90,77,78,73,74,70,88,62,74,81,95,60,74,78
Qomariyah Surya,84740,12B,85,60,87,78,95,69,70,86,66,95,86,95,67,76,63,84
Yogi Calvin,86423,12B,61,70,75,77,73,83,64,73,80,68,86,85,88,60,65,63
Hesti Santoso,14547,12B,73,73,93,66,76,74,88,80,80,88,86,94,74,85,92,83
Adi Rahayu,23812,12B,64,67,81,76,66,82,83,73,66,63,83,67,76,94,66,84
Nadia Ratnasari,26893,12B,63,70,76,80,74,62,73,74,62,93,68,82,77,94,62,92
Juwita Nurhadi,35225,12B,67,84,81,93,60,75,90,83,64,89,74,86,72,71,77,63
Galang Ramadhan,93947,12B,69,75,74,91,63,92,69,69,62,61,80,81,79,73,77,70
Qomariyah Putri,89969,12B,75,65,71,60,94,90,86,63,81,60,79,62,70,76,66,63
Putri Prasetyo,85337,12B,93,69,62,93,87,85,61,71,81,61,83,82,79,92,79,65
Endang Hidayat,33267,12B,68,88,61,87,82,84,79,65,89,88,93,76,85,89,88,76
Gina Kurniawan,55917,12B,74,93,77,82,78,69,70,60,72,62,70,81,86,60,81,72
Oky Saputra,14179,12B,88,90,77,86,84,92,94,61,66,71,73,92,94,69,67,90
Jaya Prasetyo,80250,12B,67,78,92,79,91,70,89,70,84,84,91,71,66,86,72,68
Qori Permata,32207,12B,63,81,80,71,76,65,61,63,80,69,87,72,78,92,79,72
Cinta Mulyani,86444,12B,76,92,60,95,71,60,95,72,71,70,86,66,90,62,78,66
Yogi Panjaitan,47928,12B,79,94,72,78,90,79,61,68,82,92,67,73,75,65,72,89
Ulil Gunardi,92153,12B,66,66,74,85,84,80,72,88,85,63,67,60,68,84,83,61
Faisal Kartini,74830,12B,74,92,70,62,89,93,94,66,85,93,93,61,87,79,91,77
Kiki Hakim,92494,12B,72,81,69,74,74,78,77,74,62,81,79,71,86,88,84,73
Fanny Mulyani,11572,12B,62,88,78,82,68,82,79,67,91,88,77,74,83,65,83,95
Erlangga Iskandar,22806,12B,67,62,67,74,62,83,79,83,67,74,63,62,61,83,93,68
Oki Hariyadi,12380,12B,78,91,84,72,65,79,66,67,90,74,64,91,83,90,62,72
Erlangga Utami,82777,12B,62,63,88,63,65,79,71,80,62,69,89,77,83,87,83,90
Naila Anggraini,14312,12B,95,66,65,78,80,70,79,85,60,71,78,72,79,70,85,88
Faisal Prasetyo,56949,12B,85,64,84,90,64,73,80,70,64,89,72,69,91,70,63,64
Faisal Rahayu,80516,12B,74,78,86,75,89,78,93,63,92,88,85,87,60,78,88,80
Hana Budiman,54549,12B,66,79,81,61,87,70,92,89,93,63,78,63,76,64,64,94
Eko Megawati,14555,12B,71,88,90,85,69,92,86,92,93,73,78,63,60,80,62,84
Firman Paramitha,70470,12B,62,93,95,89,87,65,84,74,68,67,62,62,78,64,66,86
Bayu Hidayat,30683,12B,68,60,90,67,83,66,92,63,89,93,87,62,78,82,76,84
Cinta Rachman,19811,12B,68,70,71,88,63,60,64,93,69,60,73,83,72,92,92,68
Miftah Lestari,15556,12B,83,66,60,81,93,80,76,79,66,77,84,73,89,95,84,95
Pandu Pradana,12830,12B,78,95,90,63,83,85,62,74,94,65,66,85,77,94,73,60
Zulfa Pratama,57748,12B,77,67,83,81,79,73,75,68,70,71,62,91,90,63,62,95
Cinta Iskandar,40557,12B,91,63,81,65,60,67,82,83,68,72,70,80,88,79,67,86
Irsyad Anindita,89681,12B,74,95,92,64,94,89,77,86,89,63,72,80,69,95,85,65
Juwita Kusumawardani,51227,12B,90,95,88,83,86,72,71,95,85,80,70,78,70,68,73,77
Bella Anindita,53795,12B,72,86,62,73,65,79,86,83,91,91,88,79,88,89,94,75
Vero Purwanti,58143,12B,76,66,69,84,80,61,78,90,63,68,77,68,72,74,89,69
Joko Iskandar,80419,12B,95,95,86,73,95,95,84,75,80,60,91,69,88,64,87,87
Putri Priambodo,33850,12B,64,68,83,78,91,81,67,89,93,61,71,78,67,88,73,76
Rizky Putri,81954,12B,80,81,73,75,80,64,61,82,90,88,82,63,80,83,88,66
Irsyad Pratama,64797,12B,65,68,87,73,86,73,80,84,60,61,70,60,85,93,64,72
Satria Pradana,95557,12B,79,83,80,90,94,80,95,83,91,65,80,87,74,83,73,79
Lela Pratiwi,76852,12B,95,79,69,92,82,76,86,72,75,82,95,76,80,87,83,87
Nadia Firdaus,95026,12B,88,63,77,62,86,81,86,62,74,70,78,74,82,72,77,81
Tini Putra,11313,12B,77,87,66,63,65,83,61,89,78,78,76,90,79,73,63,62
Tyo Fauzi,87118,12B,91,90,73,92,71,68,73,62,90,66,69,89,71,70,79,67
Danang Kusnandar,31510,12B,81,60,86,91,69,77,72,72,77,74,90,88,75,77,88,87
Hendra Purnomo,55118,12B,64,63,75,93,63,80,94,88,75,85,74,71,87,71,92,92
Irsyad Paramitha,69977,12B,74,77,80,73,71,67,88,87,85,94,77,88,65,89,74,92
Taufik Lesmana,60906,12B,69,63,75,95,83,68,83,72,74,90,60,90,75,68,73,61
Dina Maulana,28319,12B,87,85,78,72,84,81,90,92,94,67,91,77,86,75,80,74
Cakra Febriani,13376,12B,92,79,73,92,79,71,74,89,75,91,62,93,61,65,85,84
Naila Yudhoyono,17326,12B,70,94,77,84,84,78,73,64,81,79,89,93,90,75,88,94
Dina Pradana,78980,12B,77,89,70,75,70,65,83,81,93,71,83,80,74,87,76,63
Dodi Abidin,95292,12B,84,78,66,91,76,95,83,82,83,81,81,67,83,80,75,84
Rizky Hidayat,95922,12B,79,61,62,72,69,65,62,93,71,93,89,72,93,63,85,83
Miftah Sukmana,20569,12B,80,80,67,69,66,91,87,82,79,87,93,94,79,71,87,72
Prasasti Prayogo,78019,12B,63,91,72,93,93,88,95,85,75,81,71,89,80,65,78,84
Sari Calvin,58426,12B,83,88,66,65,74,67,64,60,80,84,78,74,62,90,90,65
Zulfa Paramita,21268,12B,72,71,82,72,89,73,72,67,82,65,77,94,62,93,77,91
Jasmine Kurniawan,69262,12B,87,89,93,87,88,62,89,84,72,72,65,70,68,82,88,64
Rudi Wibisono,69965,12B,78,93,93,82,71,83,67,71,66,71,63,81,90,94,69,88
Tegar Wijaya,48483,12B,60,74,66,88,74,71,71,70,80,92,91,78,72,74,93,61
Vito Kartini,66310,12B,94,83,76,76,69,73,73,69,84,94,70,64,73,86,93,91
Malik Fauzi,57268,12B,91,76,87,91,68,60,67,89,92,83,82,70,78,82,92,77
Budi Wardana,34598,12B,83,85,76,80,66,79,66,76,67,76,88,67,68,73,78,94
Hesti Hakim,72797,12B,93,74,70,73,76,60,89,78,73,81,70,90,90,81,78,69
Hesti Handayani,48820,12B,79,72,67,64,92,94,66,71,74,66,86,77,78,93,85,84
Zaenal Suryani,24346,12B,81,92,70,91,81,81,94,94,71,60,89,62,75,66,81,82
Qudus Fitriani,77101,12B,73,68,61,69,64,93,88,76,81,79,91,63,60,76,68,77
Fatan Nurhadi,11355,12B,90,69,66,70,94,73,82,90,86,85,73,60,87,93,80,65
Yogi Hartanto,86839,12B,86,70,95,66,94,65,86,78,78,72,68,84,82,89,64,83
Mega Putra,21379,12B,83,67,93,95,67,92,84,84,64,64,95,81,90,68,85,63
Wahyu Kurniawan,99994,12B,90,77,93,74,81,72,94,78,92,88,76,72,94,64,61,91
Rizky Hariyadi,91912,12B,78,91,85,82,87,83,61,80,71,79,62,75,66,82,77,65
Hana Paramita,89812,12B,62,83,83,95,64,79,89,70,85,66,71,82,65,88,66,74
Vanya Iskandar,59476,12B,89,89,80,91,66,82,86,66,73,76,67,90,65,86,86,91
Kartika Kusnandar,23706,12B,89,66,62,90,79,69,88,69,92,92,64,87,62,91,72,67
Xenia Indahsari,72697,12B,63,89,81,89,67,93,69,73,73,86,89,92,95,60,66,82
Yogi Yudhoyono,31736,12B,86,62,80,82,70,93,77,65,87,67,90,90,71,77,91,74
Sinta Wibowo,67647,12B,62,61,90,87,61,84,60,80,73,60,81,91,67,69,84,91
Tegar Hardianto,60096,12B,67,71,75,93,68,80,86,92,94,82,88,78,80,70,81,64
Gina Panjaitan,10094,12B,76,74,65,94,75,80,92,66,87,92,73,92,79,63,60,67
Xaverius Irawan,71716,12B,75,81,86,94,68,66,74,89,72,60,61,69,77,61,78,65
Hendra Putri,38248,12B,86,74,74,83,66,95,85,70,65,73,83,90,77,90,89,94
Wahyu Hadiwijaya,28098,12B,93,67,93,78,71,65,72,70,95,69,66,65,81,77,93,84
Xaverius Febriani,54980,12B,90,68,95,66,60,89,65,70,95,70,74,87,71,60,63,69
Kartika Pradipta,95196,12B,80,83,61,66,76,90,70,60,86,71,85,80,79,70,93,91
Cahya Mulyani,17523,12B,83,76,65,95,87,74,87,61,84,84,80,80,71,80,62,87
Bambang Hadiwijaya,40189,12B,86,88,60,86,95,81,92,81,75,91,89,73,87,71,82,65
Vina Putranto,64742,12B,61,75,60,83,71,81,88,79,72,67,84,76,75,89,91,79
Mega Handayani,16021,12B,92,79,85,84,71,67,68,83,73,88,72,75,64,62,90,89
